comparison_id,role_1_id,role_1_name,role_2_id,role_2_name,salary_comparison,required_skills_role_1,required_skills_role_2,job_growth,work_life_balance,difficulty_to_enter,remote_opportunities,best_for,summary
CC001,ROLE036,Prompt Engineer,ROLE018,QA Engineer,Comparable,Python;Docker;Linux;Java;SQL,Linux;React;AWS;Kubernetes;Power BI,Excellent,Moderate,Easy,High,Career Switchers,Backend Developer and Data Scientist are both strong career choices with different skill requirements and growth opportunities.
CC002,ROLE024,Robotics Engineer,ROLE013,Security Engineer,Role 2 Higher,Git;React;RAG;Python;SQL,Azure;AWS;LangChain;SQL;Git,Good,High,Easy,Moderate,Problem Solvers,Data Scientist and Full Stack Developer are both strong career choices with different skill requirements and growth opportunities.
CC003,ROLE013,Security Engineer,ROLE027,UI/UX Designer,Comparable,Java;LangChain;React;Deep Learning;Azure,Power BI;LangChain;Azure;Java;Node.js,Good,Demanding,Challenging,Moderate,Research Enthusiasts,ML Engineer and Data Engineer are both strong career choices with different skill requirements and growth opportunities.
CC004,ROLE006,Backend Developer,ROLE050,Power BI Developer,Role 1 Higher,Azure;Git;SQL;Machine Learning;Node.js,Git;Machine Learning;SQL;Kubernetes;Java,Excellent,Demanding,Challenging,High,Freshers,DevOps Engineer and Software Engineer are both strong career choices with different skill requirements and growth opportunities.
CC005,ROLE060,Web Developer,ROLE044,SEO Analyst,Role 1 Higher,React;Python;Node.js;Docker;Power BI,Java;Azure;Node.js;SQL;Power BI,Good,Demanding,Easy,Limited,Freshers,Cloud Engineer and Data Scientist are both strong career choices with different skill requirements and growth opportunities.
CC006,ROLE033,Network Engineer,ROLE020,Game Developer,Role 2 Higher,Java;Docker;Kubernetes;React;Node.js,AWS;Machine Learning;Deep Learning;Azure;LangChain,Very Good,Moderate,Moderate,High,Freshers,Cybersecurity Analyst and DevOps Engineer are both strong career choices with different skill requirements and growth opportunities.
CC007,ROLE017,Flutter Developer,ROLE047,Penetration Tester,Role 1 Higher,Python;Machine Learning;Docker;Node.js;RAG,Docker;Deep Learning;Java;Linux;Azure,Excellent,Demanding,Moderate,Moderate,Career Switchers,Full Stack Developer and DevOps Engineer are both strong career choices with different skill requirements and growth opportunities.
CC008,ROLE044,SEO Analyst,ROLE049,Salesforce Developer,Role 1 Higher,Linux;LangChain;Kubernetes;Docker;Java,Machine Learning;Kubernetes;LangChain;Deep Learning;Python,Excellent,Moderate,Challenging,Moderate,Career Switchers,Cloud Engineer and Cybersecurity Analyst are both strong career choices with different skill requirements and growth opportunities.
CC009,ROLE035,BI Developer,ROLE039,Computer Vision Engineer,Role 1 Higher,AWS;Deep Learning;Node.js;RAG;Docker,Machine Learning;Azure;LangChain;Java;Kubernetes,Excellent,Demanding,Easy,Limited,Problem Solvers,Cloud Engineer and Business Analyst are both strong career choices with different skill requirements and growth opportunities.
CC010,ROLE024,Robotics Engineer,ROLE040,AR/VR Developer,Comparable,RAG;Kubernetes;Power BI;Node.js;Machine Learning,AWS;React;Azure;Deep Learning;Java,Excellent,High,Moderate,High,Career Switchers,Data Scientist and Frontend Developer are both strong career choices with different skill requirements and growth opportunities.
CC011,ROLE037,Generative AI Engineer,ROLE001,Data Scientist,Comparable,AWS;Linux;RAG;Machine Learning;Docker,Docker;Node.js;Java;Deep Learning;RAG,Good,Demanding,Moderate,Moderate,Freshers,Data Scientist and Backend Developer are both strong career choices with different skill requirements and growth opportunities.
CC012,ROLE015,Android Developer,ROLE011,Cloud Engineer,Role 1 Higher,LangChain;React;Power BI;Docker;Java,Linux;AWS;Power BI;LangChain;Machine Learning,Very Good,Demanding,Challenging,Limited,Problem Solvers,Data Engineer and ML Engineer are both strong career choices with different skill requirements and growth opportunities.
CC013,ROLE039,Computer Vision Engineer,ROLE022,IoT Engineer,Role 1 Higher,LangChain;Java;SQL;Git;RAG,Node.js;Kubernetes;Deep Learning;Python;SQL,Excellent,High,Moderate,Limited,Research Enthusiasts,Full Stack Developer and ML Engineer are both strong career choices with different skill requirements and growth opportunities.
CC014,ROLE025,UI Designer,ROLE001,Data Scientist,Role 1 Higher,Python;React;LangChain;Docker;Machine Learning,Deep Learning;Java;SQL;Linux;Power BI,Very Good,Moderate,Moderate,Moderate,Freshers,Cybersecurity Analyst and Software Engineer are both strong career choices with different skill requirements and growth opportunities.
CC015,ROLE021,Blockchain Developer,ROLE059,Platform Engineer,Comparable,Kubernetes;Machine Learning;Git;Python;SQL,React;Python;Kubernetes;Linux;LangChain,Excellent,Moderate,Easy,High,Freshers,Backend Developer and Cloud Engineer are both strong career choices with different skill requirements and growth opportunities.
CC016,ROLE032,Site Reliability Engineer,ROLE015,Android Developer,Comparable,RAG;Power BI;React;Docker;Python,Power BI;LangChain;RAG;Azure;Docker,Very Good,Demanding,Challenging,Moderate,Freshers,DevOps Engineer and Software Engineer are both strong career choices with different skill requirements and growth opportunities.
CC017,ROLE043,Digital Marketing Analyst,ROLE058,Data Governance Analyst,Role 1 Higher,Node.js;Power BI;Deep Learning;Python;RAG,AWS;Machine Learning;Deep Learning;Java;Node.js,Very Good,Demanding,Challenging,Limited,Research Enthusiasts,Frontend Developer and Backend Developer are both strong career choices with different skill requirements and growth opportunities.
CC018,ROLE026,UX Designer,ROLE027,UI/UX Designer,Role 1 Higher,React;Kubernetes;Docker;Deep Learning;Machine Learning,Power BI;Linux;Deep Learning;Azure;Machine Learning,Excellent,Demanding,Challenging,Moderate,Research Enthusiasts,Frontend Developer and DevOps Engineer are both strong career choices with different skill requirements and growth opportunities.
CC019,ROLE001,Data Scientist,ROLE023,Embedded Systems Engineer,Role 1 Higher,Linux;Deep Learning;Docker;AWS;Git,Java;Git;Power BI;AWS;SQL,Very Good,High,Easy,Moderate,Career Switchers,Cybersecurity Analyst and Data Scientist are both strong career choices with different skill requirements and growth opportunities.
CC020,ROLE003,AI Engineer,ROLE025,UI Designer,Role 2 Higher,Docker;Kubernetes;Linux;Deep Learning;React,Node.js;Git;AWS;Machine Learning;Kubernetes,Very Good,Moderate,Moderate,Moderate,Career Switchers,Business Analyst and Cloud Engineer are both strong career choices with different skill requirements and growth opportunities.
CC021,ROLE026,UX Designer,ROLE002,Machine Learning Engineer,Comparable,Docker;LangChain;Node.js;Azure;Java,Linux;Git;Python;AWS;Machine Learning,Excellent,Moderate,Challenging,Moderate,Career Switchers,Backend Developer and AI Engineer are both strong career choices with different skill requirements and growth opportunities.
CC022,ROLE020,Game Developer,ROLE019,Automation Test Engineer,Role 2 Higher,AWS;LangChain;Deep Learning;Linux;RAG,Python;AWS;React;LangChain;Node.js,Very Good,Moderate,Challenging,Limited,Career Switchers,Full Stack Developer and AI Engineer are both strong career choices with different skill requirements and growth opportunities.
CC023,ROLE027,UI/UX Designer,ROLE018,QA Engineer,Role 2 Higher,Linux;Deep Learning;AWS;Git;Node.js,Linux;Deep Learning;Java;Azure;Machine Learning,Very Good,High,Challenging,Limited,Career Switchers,Data Scientist and ML Engineer are both strong career choices with different skill requirements and growth opportunities.
CC024,ROLE057,IT Support Specialist,ROLE017,Flutter Developer,Role 2 Higher,AWS;Machine Learning;Azure;Kubernetes;Linux,LangChain;Machine Learning;Docker;Git;SQL,Good,Demanding,Easy,Limited,Research Enthusiasts,Data Scientist and Full Stack Developer are both strong career choices with different skill requirements and growth opportunities.
CC025,ROLE020,Game Developer,ROLE045,Technical Writer,Role 2 Higher,Python;RAG;LangChain;Machine Learning;Azure,Git;SQL;Docker;Node.js;Azure,Excellent,Demanding,Challenging,Limited,Research Enthusiasts,Frontend Developer and Software Engineer are both strong career choices with different skill requirements and growth opportunities.
CC026,ROLE015,Android Developer,ROLE023,Embedded Systems Engineer,Role 1 Higher,Machine Learning;React;Azure;Kubernetes;Deep Learning,Node.js;RAG;AWS;SQL;LangChain,Good,Demanding,Easy,Limited,Problem Solvers,Data Engineer and Frontend Developer are both strong career choices with different skill requirements and growth opportunities.
CC027,ROLE032,Site Reliability Engineer,ROLE028,Product Manager,Role 1 Higher,SQL;RAG;Azure;AWS;Kubernetes,AWS;Python;Machine Learning;Azure;LangChain,Good,Moderate,Challenging,Moderate,Research Enthusiasts,DevOps Engineer and Cybersecurity Analyst are both strong career choices with different skill requirements and growth opportunities.
CC028,ROLE004,Data Analyst,ROLE029,Technical Support Engineer,Role 2 Higher,Docker;Linux;SQL;Kubernetes;Java,Kubernetes;React;Machine Learning;Git;LangChain,Excellent,Demanding,Easy,Limited,Career Switchers,AI Engineer and Software Engineer are both strong career choices with different skill requirements and growth opportunities.
CC029,ROLE050,Power BI Developer,ROLE055,Release Engineer,Comparable,LangChain;Azure;Linux;Git;Kubernetes,Git;LangChain;Kubernetes;React;Deep Learning,Very Good,Demanding,Easy,Limited,Freshers,AI Engineer and Cybersecurity Analyst are both strong career choices with different skill requirements and growth opportunities.
CC030,ROLE021,Blockchain Developer,ROLE015,Android Developer,Role 1 Higher,Linux;Power BI;Machine Learning;Docker;RAG,RAG;LangChain;Azure;Git;Node.js,Excellent,Moderate,Easy,Moderate,Research Enthusiasts,Full Stack Developer and Software Engineer are both strong career choices with different skill requirements and growth opportunities.
CC031,ROLE053,Firmware Engineer,ROLE029,Technical Support Engineer,Comparable,LangChain;Machine Learning;Linux;Power BI;SQL,SQL;Java;Kubernetes;React;LangChain,Good,Demanding,Easy,High,Problem Solvers,Cybersecurity Analyst and Frontend Developer are both strong career choices with different skill requirements and growth opportunities.
CC032,ROLE059,Platform Engineer,ROLE040,AR/VR Developer,Role 2 Higher,Git;Docker;Deep Learning;React;Azure,Docker;Deep Learning;Python;SQL;Power BI,Very Good,Moderate,Challenging,Moderate,Problem Solvers,ML Engineer and Backend Developer are both strong career choices with different skill requirements and growth opportunities.
CC033,ROLE032,Site Reliability Engineer,ROLE031,Data Engineer,Comparable,Git;LangChain;Machine Learning;AWS;Node.js,Power BI;Python;Docker;Azure;LangChain,Very Good,High,Moderate,Moderate,Research Enthusiasts,Business Analyst and Cybersecurity Analyst are both strong career choices with different skill requirements and growth opportunities.
CC034,ROLE056,Scrum Master,ROLE057,IT Support Specialist,Role 2 Higher,Java;SQL;Deep Learning;Machine Learning;Linux,Python;RAG;Machine Learning;Deep Learning;Git,Good,Demanding,Challenging,Limited,Freshers,Cybersecurity Analyst and Frontend Developer are both strong career choices with different skill requirements and growth opportunities.
CC035,ROLE046,Cloud Security Engineer,ROLE045,Technical Writer,Comparable,Git;Kubernetes;Deep Learning;Machine Learning;RAG,Kubernetes;LangChain;Node.js;Linux;Azure,Good,Moderate,Easy,Moderate,Career Switchers,Software Engineer and Backend Developer are both strong career choices with different skill requirements and growth opportunities.
CC036,ROLE013,Security Engineer,ROLE003,AI Engineer,Role 1 Higher,Kubernetes;AWS;Git;Power BI;Deep Learning,Java;AWS;RAG;Kubernetes;Docker,Good,Moderate,Challenging,Limited,Research Enthusiasts,Software Engineer and Cybersecurity Analyst are both strong career choices with different skill requirements and growth opportunities.
CC037,ROLE058,Data Governance Analyst,ROLE053,Firmware Engineer,Role 2 Higher,SQL;Deep Learning;Docker;Node.js;Azure,RAG;Deep Learning;Docker;Java;AWS,Very Good,Demanding,Easy,Limited,Problem Solvers,Cybersecurity Analyst and Frontend Developer are both strong career choices with different skill requirements and growth opportunities.
CC038,ROLE049,Salesforce Developer,ROLE058,Data Governance Analyst,Comparable,RAG;Git;Deep Learning;Node.js;Java,Azure;Python;Deep Learning;Linux;Node.js,Very Good,High,Easy,Limited,Freshers,AI Engineer and Software Engineer are both strong career choices with different skill requirements and growth opportunities.
CC039,ROLE008,Full Stack Developer,ROLE029,Technical Support Engineer,Role 1 Higher,SQL;Power BI;Azure;Kubernetes;Linux,AWS;Java;Node.js;SQL;Machine Learning,Good,Demanding,Easy,High,Career Switchers,Software Engineer and Business Analyst are both strong career choices with different skill requirements and growth opportunities.
CC040,ROLE041,SAP Consultant,ROLE038,NLP Engineer,Role 2 Higher,Deep Learning;React;Git;SQL;Kubernetes,Docker;AWS;Linux;Deep Learning;React,Very Good,Moderate,Moderate,High,Research Enthusiasts,Cybersecurity Analyst and Business Analyst are both strong career choices with different skill requirements and growth opportunities.
CC041,ROLE026,UX Designer,ROLE059,Platform Engineer,Role 1 Higher,LangChain;Node.js;SQL;AWS;Azure,Deep Learning;Azure;Node.js;Kubernetes;React,Very Good,High,Easy,Moderate,Research Enthusiasts,DevOps Engineer and ML Engineer are both strong career choices with different skill requirements and growth opportunities.
CC042,ROLE041,SAP Consultant,ROLE039,Computer Vision Engineer,Comparable,Kubernetes;AWS;Node.js;Python;Linux,Docker;Node.js;Kubernetes;AWS;Deep Learning,Good,Moderate,Moderate,Moderate,Career Switchers,Software Engineer and Backend Developer are both strong career choices with different skill requirements and growth opportunities.
CC043,ROLE016,iOS Developer,ROLE010,DevOps Engineer,Comparable,Docker;Linux;Node.js;Power BI;AWS,Kubernetes;Power BI;Git;LangChain;Azure,Excellent,Demanding,Easy,High,Career Switchers,DevOps Engineer and Frontend Developer are both strong career choices with different skill requirements and growth opportunities.
CC044,ROLE030,Database Administrator,ROLE015,Android Developer,Role 2 Higher,Linux;Git;Machine Learning;Power BI;AWS,Python;Java;Linux;Azure;Deep Learning,Excellent,Moderate,Moderate,High,Research Enthusiasts,ML Engineer and Data Engineer are both strong career choices with different skill requirements and growth opportunities.
CC045,ROLE030,Database Administrator,ROLE051,Systems Administrator,Role 2 Higher,Azure;Power BI;RAG;React;Deep Learning,Deep Learning;Java;Linux;Node.js;Git,Very Good,Moderate,Moderate,High,Career Switchers,Business Analyst and Data Engineer are both strong career choices with different skill requirements and growth opportunities.
CC046,ROLE018,QA Engineer,ROLE047,Penetration Tester,Role 2 Higher,Docker;Java;Deep Learning;Node.js;SQL,Power BI;LangChain;Java;Deep Learning;Linux,Good,Moderate,Easy,High,Problem Solvers,Data Scientist and Data Engineer are both strong career choices with different skill requirements and growth opportunities.
CC047,ROLE015,Android Developer,ROLE053,Firmware Engineer,Comparable,Azure;Kubernetes;Docker;Python;LangChain,React;SQL;Linux;RAG;Python,Excellent,High,Challenging,Moderate,Freshers,DevOps Engineer and Full Stack Developer are both strong career choices with different skill requirements and growth opportunities.
CC048,ROLE034,Solutions Architect,ROLE051,Systems Administrator,Role 1 Higher,Java;Python;Azure;Kubernetes;Docker,Azure;Node.js;Python;Deep Learning;RAG,Excellent,Demanding,Moderate,Moderate,Career Switchers,Data Engineer and Frontend Developer are both strong career choices with different skill requirements and growth opportunities.
CC049,ROLE039,Computer Vision Engineer,ROLE016,iOS Developer,Role 1 Higher,RAG;AWS;Deep Learning;Power BI;Java,Machine Learning;Node.js;Kubernetes;Deep Learning;React,Excellent,Demanding,Moderate,High,Career Switchers,Business Analyst and Software Engineer are both strong career choices with different skill requirements and growth opportunities.
CC050,ROLE040,AR/VR Developer,ROLE016,iOS Developer,Comparable,Kubernetes;Power BI;Azure;Python;RAG,SQL;Node.js;Kubernetes;Power BI;AWS,Excellent,Demanding,Moderate,High,Problem Solvers,Frontend Developer and Full Stack Developer are both strong career choices with different skill requirements and growth opportunities.
CC051,ROLE026,UX Designer,ROLE024,Robotics Engineer,Comparable,Azure;Python;Machine Learning;LangChain;SQL,Kubernetes;Power BI;React;Java;Node.js,Good,Demanding,Easy,Limited,Problem Solvers,Data Scientist and Cybersecurity Analyst are both strong career choices with different skill requirements and growth opportunities.
CC052,ROLE014,Ethical Hacker,ROLE020,Game Developer,Role 2 Higher,Python;Power BI;Machine Learning;Azure;SQL,Power BI;Git;LangChain;Machine Learning;Node.js,Good,High,Easy,Moderate,Research Enthusiasts,ML Engineer and Cybersecurity Analyst are both strong career choices with different skill requirements and growth opportunities.
CC053,ROLE043,Digital Marketing Analyst,ROLE021,Blockchain Developer,Role 2 Higher,Python;LangChain;Power BI;React;Linux,Git;Python;Kubernetes;Docker;Deep Learning,Very Good,Moderate,Challenging,Moderate,Career Switchers,DevOps Engineer and Frontend Developer are both strong career choices with different skill requirements and growth opportunities.
CC054,ROLE045,Technical Writer,ROLE051,Systems Administrator,Role 1 Higher,RAG;LangChain;Power BI;Machine Learning;Python,LangChain;Linux;RAG;Machine Learning;Deep Learning,Very Good,Moderate,Challenging,High,Freshers,Data Engineer and Full Stack Developer are both strong career choices with different skill requirements and growth opportunities.
CC055,ROLE045,Technical Writer,ROLE034,Solutions Architect,Role 2 Higher,Node.js;Deep Learning;Azure;Java;AWS,Docker;Node.js;Azure;SQL;Linux,Very Good,Demanding,Challenging,Moderate,Problem Solvers,DevOps Engineer and AI Engineer are both strong career choices with different skill requirements and growth opportunities.
CC056,ROLE037,Generative AI Engineer,ROLE054,Storage Engineer,Comparable,Power BI;RAG;Docker;Linux;Python,Machine Learning;React;Java;Node.js;Python,Very Good,High,Easy,Limited,Freshers,Data Scientist and Software Engineer are both strong career choices with different skill requirements and growth opportunities.
CC057,ROLE003,AI Engineer,ROLE016,iOS Developer,Role 1 Higher,Azure;RAG;Python;React;Linux,Machine Learning;Linux;AWS;Docker;Git,Very Good,Moderate,Moderate,Limited,Career Switchers,Data Engineer and Business Analyst are both strong career choices with different skill requirements and growth opportunities.
CC058,ROLE005,Business Analyst,ROLE022,IoT Engineer,Role 1 Higher,Machine Learning;AWS;Java;RAG;React,AWS;Power BI;RAG;Azure;SQL,Very Good,Demanding,Challenging,Limited,Research Enthusiasts,Software Engineer and Backend Developer are both strong career choices with different skill requirements and growth opportunities.
CC059,ROLE021,Blockchain Developer,ROLE030,Database Administrator,Comparable,Java;SQL;Power BI;Kubernetes;RAG,SQL;Azure;RAG;Git;Java,Very Good,Moderate,Moderate,Moderate,Freshers,Cloud Engineer and Software Engineer are both strong career choices with different skill requirements and growth opportunities.
CC060,ROLE013,Security Engineer,ROLE015,Android Developer,Comparable,React;Kubernetes;Java;Deep Learning;LangChain,LangChain;Deep Learning;RAG;Java;Docker,Excellent,High,Challenging,High,Research Enthusiasts,AI Engineer and Cybersecurity Analyst are both strong career choices with different skill requirements and growth opportunities.
CC061,ROLE038,NLP Engineer,ROLE038,NLP Engineer,Role 2 Higher,SQL;LangChain;Deep Learning;Azure;Git,Machine Learning;Azure;React;Node.js;AWS,Very Good,Moderate,Easy,Moderate,Career Switchers,ML Engineer and Software Engineer are both strong career choices with different skill requirements and growth opportunities.
CC062,ROLE050,Power BI Developer,ROLE019,Automation Test Engineer,Role 2 Higher,Git;Deep Learning;Python;React;RAG,LangChain;Java;Kubernetes;Python;Node.js,Very Good,Moderate,Challenging,Limited,Research Enthusiasts,DevOps Engineer and Frontend Developer are both strong career choices with different skill requirements and growth opportunities.
CC063,ROLE036,Prompt Engineer,ROLE030,Database Administrator,Role 1 Higher,Python;Linux;Power BI;LangChain;SQL,Java;RAG;Deep Learning;Kubernetes;Power BI,Very Good,High,Challenging,Moderate,Career Switchers,Backend Developer and AI Engineer are both strong career choices with different skill requirements and growth opportunities.
CC064,ROLE052,Automation Engineer,ROLE022,IoT Engineer,Role 2 Higher,RAG;Git;Azure;Python;Deep Learning,Azure;AWS;Power BI;LangChain;RAG,Very Good,Demanding,Easy,Moderate,Freshers,Software Engineer and Backend Developer are both strong career choices with different skill requirements and growth opportunities.
CC065,ROLE017,Flutter Developer,ROLE013,Security Engineer,Role 2 Higher,React;Azure;Docker;Python;Java,AWS;Azure;Java;React;Deep Learning,Excellent,High,Challenging,Moderate,Career Switchers,ML Engineer and Cybersecurity Analyst are both strong career choices with different skill requirements and growth opportunities.
CC066,ROLE012,Cyber Security Analyst,ROLE030,Database Administrator,Role 1 Higher,React;Linux;Power BI;Java;RAG,Docker;Git;Azure;Node.js;Python,Very Good,Moderate,Easy,High,Problem Solvers,Business Analyst and Full Stack Developer are both strong career choices with different skill requirements and growth opportunities.
CC067,ROLE004,Data Analyst,ROLE010,DevOps Engineer,Comparable,Linux;Java;React;Deep Learning;Azure,Linux;React;RAG;LangChain;Kubernetes,Very Good,Moderate,Challenging,Moderate,Freshers,ML Engineer and AI Engineer are both strong career choices with different skill requirements and growth opportunities.
CC068,ROLE011,Cloud Engineer,ROLE024,Robotics Engineer,Role 1 Higher,Kubernetes;Java;LangChain;AWS;Docker,Python;Kubernetes;Linux;Machine Learning;AWS,Good,Moderate,Easy,Moderate,Problem Solvers,Cybersecurity Analyst and Frontend Developer are both strong career choices with different skill requirements and growth opportunities.
CC069,ROLE010,DevOps Engineer,ROLE018,QA Engineer,Role 1 Higher,Docker;React;Python;Power BI;SQL,Linux;React;Azure;Machine Learning;Node.js,Good,High,Moderate,Limited,Career Switchers,Cybersecurity Analyst and ML Engineer are both strong career choices with different skill requirements and growth opportunities.
CC070,ROLE001,Data Scientist,ROLE019,Automation Test Engineer,Role 1 Higher,Node.js;Power BI;LangChain;Deep Learning;AWS,Node.js;LangChain;RAG;AWS;SQL,Very Good,Moderate,Challenging,Moderate,Career Switchers,Data Scientist and AI Engineer are both strong career choices with different skill requirements and growth opportunities.
CC071,ROLE060,Web Developer,ROLE011,Cloud Engineer,Comparable,Git;Python;React;SQL;Java,Machine Learning;SQL;Linux;Git;Node.js,Excellent,Moderate,Challenging,Limited,Research Enthusiasts,Cloud Engineer and DevOps Engineer are both strong career choices with different skill requirements and growth opportunities.
CC072,ROLE047,Penetration Tester,ROLE022,IoT Engineer,Comparable,Machine Learning;RAG;Node.js;Python;AWS,Power BI;Linux;React;Kubernetes;Docker,Excellent,Demanding,Challenging,Moderate,Research Enthusiasts,DevOps Engineer and Cloud Engineer are both strong career choices with different skill requirements and growth opportunities.
CC073,ROLE049,Salesforce Developer,ROLE039,Computer Vision Engineer,Comparable,RAG;LangChain;Power BI;React;AWS,Git;Docker;Node.js;Power BI;LangChain,Good,Demanding,Challenging,Limited,Research Enthusiasts,Frontend Developer and Software Engineer are both strong career choices with different skill requirements and growth opportunities.
CC074,ROLE040,AR/VR Developer,ROLE028,Product Manager,Comparable,Linux;Kubernetes;Deep Learning;Python;Node.js,Kubernetes;AWS;Node.js;React;RAG,Good,High,Challenging,High,Research Enthusiasts,Business Analyst and Data Scientist are both strong career choices with different skill requirements and growth opportunities.
CC075,ROLE035,BI Developer,ROLE017,Flutter Developer,Role 1 Higher,Linux;Python;RAG;Azure;Kubernetes,LangChain;React;Docker;Power BI;RAG,Excellent,Demanding,Challenging,Limited,Freshers,DevOps Engineer and Data Engineer are both strong career choices with different skill requirements and growth opportunities.
CC076,ROLE031,Data Engineer,ROLE056,Scrum Master,Role 1 Higher,LangChain;React;Machine Learning;Deep Learning;Docker,Power BI;Node.js;AWS;Linux;Machine Learning,Very Good,Demanding,Challenging,High,Problem Solvers,DevOps Engineer and AI Engineer are both strong career choices with different skill requirements and growth opportunities.
CC077,ROLE038,NLP Engineer,ROLE040,AR/VR Developer,Role 2 Higher,Linux;Node.js;Python;LangChain;Git,React;RAG;Deep Learning;Docker;Git,Excellent,Demanding,Easy,Limited,Problem Solvers,Data Engineer and ML Engineer are both strong career choices with different skill requirements and growth opportunities.
CC078,ROLE058,Data Governance Analyst,ROLE018,QA Engineer,Role 1 Higher,Git;Kubernetes;Machine Learning;Docker;RAG,LangChain;Git;Machine Learning;SQL;Azure,Excellent,Demanding,Challenging,Moderate,Freshers,Business Analyst and DevOps Engineer are both strong career choices with different skill requirements and growth opportunities.
CC079,ROLE055,Release Engineer,ROLE011,Cloud Engineer,Role 1 Higher,Java;Python;AWS;Docker;Git,Power BI;AWS;Python;Deep Learning;Linux,Very Good,Moderate,Challenging,Limited,Problem Solvers,Backend Developer and Data Scientist are both strong career choices with different skill requirements and growth opportunities.
CC080,ROLE012,Cyber Security Analyst,ROLE009,Software Engineer,Role 2 Higher,AWS;LangChain;Node.js;Azure;SQL,Git;LangChain;Machine Learning;RAG;Docker,Excellent,High,Easy,High,Freshers,Backend Developer and ML Engineer are both strong career choices with different skill requirements and growth opportunities.
CC081,ROLE033,Network Engineer,ROLE059,Platform Engineer,Role 1 Higher,Power BI;React;Azure;Linux;AWS,RAG;Azure;Node.js;Kubernetes;Linux,Good,Demanding,Easy,Moderate,Freshers,Backend Developer and Data Engineer are both strong career choices with different skill requirements and growth opportunities.
CC082,ROLE056,Scrum Master,ROLE046,Cloud Security Engineer,Role 1 Higher,Kubernetes;Power BI;Machine Learning;LangChain;Python,SQL;Docker;Kubernetes;React;Java,Very Good,Demanding,Challenging,Moderate,Research Enthusiasts,Full Stack Developer and DevOps Engineer are both strong career choices with different skill requirements and growth opportunities.
CC083,ROLE052,Automation Engineer,ROLE024,Robotics Engineer,Role 2 Higher,Linux;Docker;Deep Learning;SQL;Azure,RAG;React;Power BI;Node.js;Azure,Good,High,Moderate,High,Problem Solvers,Business Analyst and DevOps Engineer are both strong career choices with different skill requirements and growth opportunities.
CC084,ROLE052,Automation Engineer,ROLE026,UX Designer,Role 2 Higher,AWS;React;Linux;RAG;SQL,AWS;React;LangChain;Azure;SQL,Excellent,High,Moderate,High,Career Switchers,ML Engineer and Frontend Developer are both strong career choices with different skill requirements and growth opportunities.
CC085,ROLE025,UI Designer,ROLE038,NLP Engineer,Comparable,Azure;AWS;Power BI;Docker;Machine Learning,Machine Learning;Git;RAG;SQL;Node.js,Good,Demanding,Challenging,High,Problem Solvers,Frontend Developer and Full Stack Developer are both strong career choices with different skill requirements and growth opportunities.
CC086,ROLE028,Product Manager,ROLE031,Data Engineer,Role 2 Higher,Machine Learning;AWS;Docker;Git;Java,Azure;Node.js;RAG;Machine Learning;React,Good,Moderate,Challenging,Moderate,Research Enthusiasts,Cloud Engineer and Data Scientist are both strong career choices with different skill requirements and growth opportunities.
CC087,ROLE060,Web Developer,ROLE031,Data Engineer,Role 2 Higher,Node.js;Machine Learning;React;SQL;LangChain,Power BI;LangChain;Node.js;Machine Learning;RAG,Very Good,Demanding,Easy,Moderate,Career Switchers,Cloud Engineer and Full Stack Developer are both strong career choices with different skill requirements and growth opportunities.
CC088,ROLE034,Solutions Architect,ROLE001,Data Scientist,Role 1 Higher,Power BI;Docker;LangChain;Kubernetes;SQL,Node.js;RAG;Kubernetes;Java;Power BI,Good,High,Moderate,Limited,Freshers,ML Engineer and AI Engineer are both strong career choices with different skill requirements and growth opportunities.
CC089,ROLE040,AR/VR Developer,ROLE037,Generative AI Engineer,Role 2 Higher,Azure;Machine Learning;Deep Learning;Python;Power BI,Kubernetes;Java;Machine Learning;SQL;Python,Excellent,High,Challenging,Moderate,Problem Solvers,Frontend Developer and DevOps Engineer are both strong career choices with different skill requirements and growth opportunities.
CC090,ROLE043,Digital Marketing Analyst,ROLE041,SAP Consultant,Comparable,Linux;LangChain;AWS;RAG;Kubernetes,React;Kubernetes;Azure;Linux;Python,Good,Demanding,Challenging,Moderate,Research Enthusiasts,Business Analyst and Full Stack Developer are both strong career choices with different skill requirements and growth opportunities.
CC091,ROLE042,ERP Consultant,ROLE052,Automation Engineer,Role 2 Higher,React;Docker;AWS;Git;Kubernetes,Git;React;Machine Learning;Azure;AWS,Very Good,Moderate,Easy,Moderate,Freshers,Business Analyst and Data Scientist are both strong career choices with different skill requirements and growth opportunities.
CC092,ROLE052,Automation Engineer,ROLE007,Frontend Developer,Role 1 Higher,Deep Learning;LangChain;Node.js;Java;Docker,SQL;Git;RAG;Java;Azure,Good,Moderate,Moderate,Limited,Freshers,Cloud Engineer and ML Engineer are both strong career choices with different skill requirements and growth opportunities.
CC093,ROLE058,Data Governance Analyst,ROLE053,Firmware Engineer,Role 2 Higher,Power BI;Java;Deep Learning;AWS;Python,AWS;Python;LangChain;Linux;Java,Very Good,Demanding,Moderate,Limited,Career Switchers,DevOps Engineer and Business Analyst are both strong career choices with different skill requirements and growth opportunities.
CC094,ROLE052,Automation Engineer,ROLE031,Data Engineer,Role 1 Higher,Linux;Power BI;Python;Machine Learning;Docker,LangChain;AWS;Linux;Python;Node.js,Good,Demanding,Easy,High,Research Enthusiasts,DevOps Engineer and Cloud Engineer are both strong career choices with different skill requirements and growth opportunities.
CC095,ROLE004,Data Analyst,ROLE040,AR/VR Developer,Comparable,SQL;Docker;LangChain;Machine Learning;Python,Java;Kubernetes;React;Machine Learning;AWS,Excellent,Moderate,Moderate,High,Career Switchers,Data Engineer and Business Analyst are both strong career choices with different skill requirements and growth opportunities.
CC096,ROLE037,Generative AI Engineer,ROLE049,Salesforce Developer,Role 2 Higher,Deep Learning;AWS;RAG;Azure;Docker,SQL;Java;Power BI;LangChain;Machine Learning,Very Good,Demanding,Easy,Moderate,Freshers,Backend Developer and Frontend Developer are both strong career choices with different skill requirements and growth opportunities.
CC097,ROLE054,Storage Engineer,ROLE053,Firmware Engineer,Role 1 Higher,Java;Node.js;Azure;Machine Learning;Git,React;Node.js;SQL;Machine Learning;Docker,Very Good,High,Easy,High,Research Enthusiasts,Cybersecurity Analyst and Backend Developer are both strong career choices with different skill requirements and growth opportunities.
CC098,ROLE022,IoT Engineer,ROLE033,Network Engineer,Role 2 Higher,Deep Learning;Python;Kubernetes;Azure;SQL,Git;Azure;Power BI;RAG;React,Very Good,High,Moderate,High,Problem Solvers,Backend Developer and Data Engineer are both strong career choices with different skill requirements and growth opportunities.
CC099,ROLE016,iOS Developer,ROLE047,Penetration Tester,Role 1 Higher,Docker;Machine Learning;React;LangChain;Deep Learning,Azure;Power BI;RAG;Git;Docker,Excellent,Demanding,Easy,High,Freshers,Full Stack Developer and ML Engineer are both strong career choices with different skill requirements and growth opportunities.
CC100,ROLE048,CRM Developer,ROLE039,Computer Vision Engineer,Comparable,Azure;Deep Learning;Java;Git;LangChain,Linux;AWS;Docker;Java;Kubernetes,Very Good,High,Easy,Limited,Freshers,Business Analyst and Data Scientist are both strong career choices with different skill requirements and growth opportunities.
CC101,ROLE028,Product Manager,ROLE029,Technical Support Engineer,Role 2 Higher,AWS;Git;Docker;LangChain;Kubernetes,Python;Power BI;SQL;RAG;Linux,Very Good,Demanding,Challenging,Moderate,Freshers,Cybersecurity Analyst and Full Stack Developer are both strong career choices with different skill requirements and growth opportunities.
CC102,ROLE035,BI Developer,ROLE043,Digital Marketing Analyst,Role 1 Higher,Azure;Docker;RAG;Python;Machine Learning,RAG;Java;Machine Learning;Kubernetes;Git,Excellent,Demanding,Easy,High,Problem Solvers,AI Engineer and Cloud Engineer are both strong career choices with different skill requirements and growth opportunities.
CC103,ROLE004,Data Analyst,ROLE021,Blockchain Developer,Role 1 Higher,Git;Machine Learning;Power BI;Deep Learning;Azure,Python;Deep Learning;Java;RAG;AWS,Excellent,High,Moderate,Limited,Career Switchers,Cybersecurity Analyst and ML Engineer are both strong career choices with different skill requirements and growth opportunities.
CC104,ROLE018,QA Engineer,ROLE048,CRM Developer,Role 2 Higher,Java;Deep Learning;Power BI;Python;Docker,React;RAG;Python;AWS;Power BI,Very Good,Moderate,Challenging,Limited,Career Switchers,Backend Developer and Full Stack Developer are both strong career choices with different skill requirements and growth opportunities.
CC105,ROLE026,UX Designer,ROLE029,Technical Support Engineer,Role 2 Higher,Machine Learning;React;Power BI;Docker;Azure,Node.js;React;Java;Git;LangChain,Good,Demanding,Challenging,Moderate,Problem Solvers,Backend Developer and Software Engineer are both strong career choices with different skill requirements and growth opportunities.
CC106,ROLE032,Site Reliability Engineer,ROLE049,Salesforce Developer,Comparable,Linux;Azure;Kubernetes;Docker;RAG,RAG;Kubernetes;Java;Docker;Power BI,Good,High,Challenging,Moderate,Problem Solvers,Data Engineer and Business Analyst are both strong career choices with different skill requirements and growth opportunities.
CC107,ROLE013,Security Engineer,ROLE030,Database Administrator,Comparable,Python;RAG;Machine Learning;Docker;Java,Kubernetes;Node.js;Machine Learning;Docker;LangChain,Good,Moderate,Easy,Limited,Problem Solvers,ML Engineer and Backend Developer are both strong career choices with different skill requirements and growth opportunities.
CC108,ROLE032,Site Reliability Engineer,ROLE040,AR/VR Developer,Role 2 Higher,Deep Learning;Git;Linux;Docker;Java,React;Git;Java;AWS;Power BI,Good,Moderate,Challenging,Moderate,Problem Solvers,Data Engineer and AI Engineer are both strong career choices with different skill requirements and growth opportunities.
CC109,ROLE035,BI Developer,ROLE018,QA Engineer,Comparable,RAG;SQL;Deep Learning;LangChain;Python,Deep Learning;AWS;LangChain;RAG;Machine Learning,Excellent,Moderate,Easy,High,Freshers,Cloud Engineer and Cybersecurity Analyst are both strong career choices with different skill requirements and growth opportunities.
CC110,ROLE050,Power BI Developer,ROLE029,Technical Support Engineer,Comparable,SQL;Git;LangChain;Power BI;Azure,Git;Deep Learning;Linux;Power BI;Machine Learning,Good,Demanding,Moderate,Moderate,Problem Solvers,AI Engineer and Backend Developer are both strong career choices with different skill requirements and growth opportunities.
CC111,ROLE025,UI Designer,ROLE048,CRM Developer,Role 2 Higher,Java;Python;Azure;RAG;Kubernetes,Node.js;Deep Learning;Git;SQL;Power BI,Good,High,Challenging,High,Problem Solvers,Cloud Engineer and Data Scientist are both strong career choices with different skill requirements and growth opportunities.
CC112,ROLE059,Platform Engineer,ROLE056,Scrum Master,Role 1 Higher,AWS;Kubernetes;Deep Learning;Machine Learning;Power BI,Java;LangChain;React;AWS;Docker,Good,High,Easy,Limited,Career Switchers,DevOps Engineer and Data Engineer are both strong career choices with different skill requirements and growth opportunities.
CC113,ROLE016,iOS Developer,ROLE030,Database Administrator,Role 1 Higher,LangChain;Power BI;Python;Machine Learning;AWS,RAG;Node.js;Machine Learning;Kubernetes;Java,Very Good,High,Challenging,High,Problem Solvers,Software Engineer and Data Engineer are both strong career choices with different skill requirements and growth opportunities.
CC114,ROLE001,Data Scientist,ROLE022,IoT Engineer,Role 1 Higher,Kubernetes;Git;Linux;SQL;Machine Learning,React;Azure;LangChain;Power BI;AWS,Good,Moderate,Easy,Moderate,Career Switchers,Backend Developer and DevOps Engineer are both strong career choices with different skill requirements and growth opportunities.
CC115,ROLE005,Business Analyst,ROLE005,Business Analyst,Comparable,Machine Learning;LangChain;Java;Node.js;Power BI,Java;Deep Learning;Python;AWS;React,Very Good,Demanding,Moderate,Moderate,Career Switchers,Business Analyst and Cloud Engineer are both strong career choices with different skill requirements and growth opportunities.
CC116,ROLE021,Blockchain Developer,ROLE002,Machine Learning Engineer,Role 2 Higher,Kubernetes;Deep Learning;Node.js;Java;Azure,Kubernetes;AWS;LangChain;RAG;Deep Learning,Very Good,Demanding,Moderate,Moderate,Problem Solvers,Data Scientist and Software Engineer are both strong career choices with different skill requirements and growth opportunities.
CC117,ROLE020,Game Developer,ROLE047,Penetration Tester,Role 2 Higher,AWS;Power BI;Git;Linux;Azure,Python;Node.js;Linux;LangChain;AWS,Very Good,High,Moderate,Limited,Career Switchers,DevOps Engineer and Full Stack Developer are both strong career choices with different skill requirements and growth opportunities.
CC118,ROLE036,Prompt Engineer,ROLE051,Systems Administrator,Role 2 Higher,Machine Learning;SQL;Azure;Kubernetes;Java,Power BI;Git;Kubernetes;RAG;Machine Learning,Very Good,Demanding,Easy,Moderate,Career Switchers,Full Stack Developer and Cloud Engineer are both strong career choices with different skill requirements and growth opportunities.
CC119,ROLE032,Site Reliability Engineer,ROLE008,Full Stack Developer,Role 2 Higher,Linux;Power BI;Azure;Machine Learning;Git,Power BI;Node.js;Deep Learning;Azure;Kubernetes,Good,Moderate,Challenging,Moderate,Freshers,Data Engineer and Cybersecurity Analyst are both strong career choices with different skill requirements and growth opportunities.
CC120,ROLE028,Product Manager,ROLE054,Storage Engineer,Role 1 Higher,Kubernetes;Machine Learning;Java;React;Node.js,Python;Deep Learning;SQL;LangChain;Docker,Excellent,Demanding,Easy,Limited,Freshers,ML Engineer and Frontend Developer are both strong career choices with different skill requirements and growth opportunities.
CC121,ROLE030,Database Administrator,ROLE043,Digital Marketing Analyst,Role 2 Higher,Git;AWS;Node.js;SQL;LangChain,Machine Learning;RAG;Git;Deep Learning;Python,Excellent,High,Moderate,Moderate,Problem Solvers,Software Engineer and Cybersecurity Analyst are both strong career choices with different skill requirements and growth opportunities.
CC122,ROLE024,Robotics Engineer,ROLE006,Backend Developer,Comparable,Power BI;SQL;AWS;LangChain;Deep Learning,Machine Learning;Python;LangChain;Power BI;AWS,Very Good,Demanding,Challenging,Limited,Career Switchers,Data Scientist and Cybersecurity Analyst are both strong career choices with different skill requirements and growth opportunities.
CC123,ROLE041,SAP Consultant,ROLE040,AR/VR Developer,Role 2 Higher,Machine Learning;SQL;Azure;Git;AWS,Power BI;Deep Learning;LangChain;React;Kubernetes,Good,Demanding,Moderate,High,Problem Solvers,Full Stack Developer and Cloud Engineer are both strong career choices with different skill requirements and growth opportunities.
CC124,ROLE036,Prompt Engineer,ROLE003,AI Engineer,Role 2 Higher,Git;Node.js;SQL;AWS;Docker,LangChain;Java;Linux;Deep Learning;Kubernetes,Good,High,Easy,Limited,Research Enthusiasts,DevOps Engineer and Backend Developer are both strong career choices with different skill requirements and growth opportunities.
CC125,ROLE042,ERP Consultant,ROLE034,Solutions Architect,Comparable,Kubernetes;Python;AWS;React;Git,Kubernetes;Node.js;Deep Learning;Linux;Docker,Excellent,Moderate,Easy,Limited,Problem Solvers,Cloud Engineer and ML Engineer are both strong career choices with different skill requirements and growth opportunities.
CC126,ROLE034,Solutions Architect,ROLE004,Data Analyst,Role 2 Higher,Deep Learning;Power BI;AWS;RAG;LangChain,Machine Learning;Kubernetes;Java;LangChain;Linux,Excellent,High,Easy,Limited,Problem Solvers,Business Analyst and Full Stack Developer are both strong career choices with different skill requirements and growth opportunities.
CC127,ROLE054,Storage Engineer,ROLE023,Embedded Systems Engineer,Role 1 Higher,Kubernetes;Node.js;Linux;Machine Learning;Docker,Kubernetes;Machine Learning;Power BI;LangChain;RAG,Excellent,High,Easy,High,Problem Solvers,ML Engineer and Backend Developer are both strong career choices with different skill requirements and growth opportunities.
CC128,ROLE044,SEO Analyst,ROLE020,Game Developer,Role 1 Higher,Power BI;RAG;Git;Node.js;Java,Deep Learning;Docker;Node.js;Linux;Python,Excellent,High,Moderate,Limited,Freshers,Data Scientist and Cloud Engineer are both strong career choices with different skill requirements and growth opportunities.
CC129,ROLE053,Firmware Engineer,ROLE056,Scrum Master,Role 1 Higher,Linux;RAG;SQL;Java;Azure,React;Linux;RAG;Java;Docker,Very Good,High,Moderate,Moderate,Problem Solvers,ML Engineer and Backend Developer are both strong career choices with different skill requirements and growth opportunities.
CC130,ROLE052,Automation Engineer,ROLE010,DevOps Engineer,Role 1 Higher,Linux;SQL;Java;Power BI;Azure,Node.js;Python;Git;Kubernetes;Power BI,Good,Demanding,Easy,Moderate,Career Switchers,ML Engineer and Data Scientist are both strong career choices with different skill requirements and growth opportunities.
CC131,ROLE032,Site Reliability Engineer,ROLE017,Flutter Developer,Comparable,Docker;Kubernetes;Power BI;Python;Git,SQL;Python;Power BI;Linux;Docker,Good,High,Moderate,Limited,Problem Solvers,Cybersecurity Analyst and Full Stack Developer are both strong career choices with different skill requirements and growth opportunities.
CC132,ROLE051,Systems Administrator,ROLE035,BI Developer,Role 1 Higher,SQL;React;Deep Learning;Azure;Node.js,RAG;LangChain;Node.js;SQL;Git,Excellent,High,Challenging,High,Career Switchers,ML Engineer and Data Scientist are both strong career choices with different skill requirements and growth opportunities.
CC133,ROLE034,Solutions Architect,ROLE039,Computer Vision Engineer,Role 2 Higher,Deep Learning;Kubernetes;SQL;AWS;Linux,Deep Learning;Docker;React;Machine Learning;LangChain,Good,Moderate,Challenging,High,Freshers,DevOps Engineer and Business Analyst are both strong career choices with different skill requirements and growth opportunities.
CC134,ROLE020,Game Developer,ROLE021,Blockchain Developer,Role 1 Higher,Docker;Git;LangChain;Azure;Power BI,Git;RAG;Docker;Deep Learning;Node.js,Excellent,Moderate,Moderate,Moderate,Research Enthusiasts,Data Engineer and Data Scientist are both strong career choices with different skill requirements and growth opportunities.
CC135,ROLE043,Digital Marketing Analyst,ROLE022,IoT Engineer,Role 2 Higher,Machine Learning;React;Node.js;Power BI;Python,Docker;LangChain;React;Python;Power BI,Excellent,High,Moderate,Moderate,Career Switchers,Backend Developer and Cloud Engineer are both strong career choices with different skill requirements and growth opportunities.
CC136,ROLE016,iOS Developer,ROLE046,Cloud Security Engineer,Role 1 Higher,SQL;Git;Java;Docker;RAG,Docker;RAG;Machine Learning;Linux;Git,Good,High,Challenging,Limited,Research Enthusiasts,Cloud Engineer and Full Stack Developer are both strong career choices with different skill requirements and growth opportunities.
CC137,ROLE039,Computer Vision Engineer,ROLE044,SEO Analyst,Role 2 Higher,Node.js;React;Machine Learning;Power BI;Python,LangChain;Kubernetes;Linux;AWS;SQL,Good,Demanding,Challenging,Moderate,Freshers,DevOps Engineer and Software Engineer are both strong career choices with different skill requirements and growth opportunities.
CC138,ROLE014,Ethical Hacker,ROLE027,UI/UX Designer,Role 1 Higher,Azure;SQL;Power BI;Docker;AWS,Azure;Java;Deep Learning;SQL;Machine Learning,Excellent,Demanding,Easy,Limited,Problem Solvers,Cybersecurity Analyst and Data Engineer are both strong career choices with different skill requirements and growth opportunities.
CC139,ROLE055,Release Engineer,ROLE027,UI/UX Designer,Comparable,Kubernetes;Node.js;LangChain;Deep Learning;Azure,Kubernetes;Azure;Deep Learning;Python;Java,Excellent,High,Challenging,Moderate,Career Switchers,Cybersecurity Analyst and ML Engineer are both strong career choices with different skill requirements and growth opportunities.
CC140,ROLE027,UI/UX Designer,ROLE059,Platform Engineer,Comparable,Deep Learning;RAG;LangChain;Linux;Power BI,LangChain;Java;Kubernetes;Machine Learning;Docker,Very Good,Demanding,Easy,Limited,Problem Solvers,DevOps Engineer and Software Engineer are both strong career choices with different skill requirements and growth opportunities.
CC141,ROLE015,Android Developer,ROLE030,Database Administrator,Role 1 Higher,Node.js;Java;Machine Learning;Azure;Power BI,Machine Learning;Azure;Python;RAG;Power BI,Excellent,Demanding,Easy,Limited,Problem Solvers,Backend Developer and Cloud Engineer are both strong career choices with different skill requirements and growth opportunities.
CC142,ROLE050,Power BI Developer,ROLE004,Data Analyst,Comparable,Deep Learning;React;Java;Kubernetes;Machine Learning,SQL;Power BI;Python;Deep Learning;Node.js,Good,High,Moderate,High,Freshers,Data Scientist and Software Engineer are both strong career choices with different skill requirements and growth opportunities.
CC143,ROLE057,IT Support Specialist,ROLE008,Full Stack Developer,Role 2 Higher,AWS;Linux;RAG;Java;Machine Learning,Node.js;Deep Learning;RAG;Python;AWS,Very Good,High,Easy,Limited,Research Enthusiasts,Cybersecurity Analyst and Backend Developer are both strong career choices with different skill requirements and growth opportunities.
CC144,ROLE049,Salesforce Developer,ROLE027,UI/UX Designer,Role 1 Higher,Docker;Git;Java;RAG;Linux,Azure;Kubernetes;RAG;Machine Learning;Python,Good,Demanding,Easy,Limited,Problem Solvers,Software Engineer and Full Stack Developer are both strong career choices with different skill requirements and growth opportunities.
CC145,ROLE047,Penetration Tester,ROLE022,IoT Engineer,Role 2 Higher,AWS;Machine Learning;Docker;React;Node.js,Git;SQL;Node.js;Java;Kubernetes,Very Good,High,Easy,Moderate,Freshers,Data Engineer and DevOps Engineer are both strong career choices with different skill requirements and growth opportunities.
CC146,ROLE001,Data Scientist,ROLE015,Android Developer,Role 2 Higher,Node.js;AWS;Python;React;LangChain,Node.js;Deep Learning;Python;Azure;AWS,Excellent,High,Challenging,High,Career Switchers,Backend Developer and Cloud Engineer are both strong career choices with different skill requirements and growth opportunities.
CC147,ROLE005,Business Analyst,ROLE051,Systems Administrator,Role 1 Higher,Python;AWS;Kubernetes;Machine Learning;Docker,Java;React;Kubernetes;Node.js;Git,Excellent,Moderate,Easy,High,Problem Solvers,Full Stack Developer and Business Analyst are both strong career choices with different skill requirements and growth opportunities.
CC148,ROLE055,Release Engineer,ROLE048,CRM Developer,Role 2 Higher,React;Kubernetes;SQL;Power BI;AWS,SQL;Azure;Machine Learning;Python;RAG,Very Good,Demanding,Challenging,Moderate,Problem Solvers,ML Engineer and Data Engineer are both strong career choices with different skill requirements and growth opportunities.
CC149,ROLE057,IT Support Specialist,ROLE059,Platform Engineer,Role 1 Higher,Azure;Linux;Machine Learning;LangChain;Docker,Kubernetes;Power BI;Python;Git;Machine Learning,Excellent,Demanding,Challenging,Limited,Freshers,Cloud Engineer and Backend Developer are both strong career choices with different skill requirements and growth opportunities.
CC150,ROLE031,Data Engineer,ROLE023,Embedded Systems Engineer,Role 1 Higher,React;Java;Node.js;Power BI;RAG,Azure;Docker;Kubernetes;LangChain;SQL,Excellent,Demanding,Easy,High,Freshers,Cloud Engineer and Cybersecurity Analyst are both strong career choices with different skill requirements and growth opportunities.
