checklist_id,role_id,role_name,section,item,importance,description,common_mistakes,ats_required,fresher_required,experienced_required,example
RC001,ROLE012,Cyber Security Analyst,Contact Information,Professional email,Medium,Ensure the resume includes professional email tailored for DevOps Engineer positions.,Too generic,Yes,Yes,No,Strong professional email with measurable impact.
RC002,ROLE013,Security Engineer,Contact Information,Professional email,Critical,Ensure the resume includes professional email tailored for ML Engineer positions.,Poor formatting,No,Yes,No,Strong professional email with measurable impact.
RC003,ROLE058,Data Governance Analyst,Contact Information,Professional email,Medium,Ensure the resume includes professional email tailored for Business Analyst positions.,Outdated information,Yes,Yes,Yes,Strong professional email with measurable impact.
RC004,ROLE049,Salesforce Developer,Contact Information,Professional email,Medium,Ensure the resume includes professional email tailored for ML Engineer positions.,Too generic,Yes,Yes,No,Strong professional email with measurable impact.
RC005,ROLE036,Prompt Engineer,Contact Information,Professional email,Critical,Ensure the resume includes professional email tailored for Data Scientist positions.,Too generic,Yes,Yes,Yes,Strong professional email with measurable impact.
RC006,ROLE024,Robotics Engineer,Contact Information,Professional email,Critical,Ensure the resume includes professional email tailored for ML Engineer positions.,Poor formatting,Yes,Yes,Yes,Strong professional email with measurable impact.
RC007,ROLE041,SAP Consultant,Contact Information,Professional email,Critical,Ensure the resume includes professional email tailored for Backend Developer positions.,Too generic,Yes,Yes,Yes,Strong professional email with measurable impact.
RC008,ROLE056,Scrum Master,Contact Information,Professional email,Critical,Ensure the resume includes professional email tailored for Backend Developer positions.,Too generic,Yes,Yes,No,Strong professional email with measurable impact.
RC009,ROLE047,Penetration Tester,Contact Information,Phone number,High,Ensure the resume includes phone number tailored for Software Engineer positions.,Outdated information,No,Yes,No,Strong phone number with measurable impact.
RC010,ROLE010,DevOps Engineer,Contact Information,Phone number,Critical,Ensure the resume includes phone number tailored for Cybersecurity Analyst positions.,Poor formatting,No,Yes,Yes,Strong phone number with measurable impact.
RC011,ROLE059,Platform Engineer,Contact Information,Phone number,High,Ensure the resume includes phone number tailored for ML Engineer positions.,Outdated information,No,Yes,Yes,Strong phone number with measurable impact.
RC012,ROLE060,Web Developer,Contact Information,Phone number,Medium,Ensure the resume includes phone number tailored for Business Analyst positions.,Missing details,No,Yes,No,Strong phone number with measurable impact.
RC013,ROLE035,BI Developer,Contact Information,Phone number,Critical,Ensure the resume includes phone number tailored for DevOps Engineer positions.,Missing details,No,Yes,No,Strong phone number with measurable impact.
RC014,ROLE035,BI Developer,Contact Information,Phone number,High,Ensure the resume includes phone number tailored for Full Stack Developer positions.,Poor formatting,Yes,Yes,Yes,Strong phone number with measurable impact.
RC015,ROLE032,Site Reliability Engineer,Contact Information,Phone number,Critical,Ensure the resume includes phone number tailored for Data Scientist positions.,Missing details,No,Yes,Yes,Strong phone number with measurable impact.
RC016,ROLE023,Embedded Systems Engineer,Contact Information,Phone number,Medium,Ensure the resume includes phone number tailored for Full Stack Developer positions.,Missing details,Yes,Yes,No,Strong phone number with measurable impact.
RC017,ROLE004,Data Analyst,Professional Summary,Career objective,Medium,Ensure the resume includes career objective tailored for ML Engineer positions.,Outdated information,Yes,Yes,Yes,Strong career objective with measurable impact.
RC018,ROLE039,Computer Vision Engineer,Professional Summary,Career objective,High,Ensure the resume includes career objective tailored for ML Engineer positions.,Outdated information,No,Yes,Yes,Strong career objective with measurable impact.
RC019,ROLE054,Storage Engineer,Professional Summary,Career objective,Critical,Ensure the resume includes career objective tailored for AI Engineer positions.,Too generic,Yes,Yes,No,Strong career objective with measurable impact.
RC020,ROLE025,UI Designer,Professional Summary,Career objective,High,Ensure the resume includes career objective tailored for Software Engineer positions.,Too generic,No,Yes,Yes,Strong career objective with measurable impact.
RC021,ROLE046,Cloud Security Engineer,Professional Summary,Career objective,Medium,Ensure the resume includes career objective tailored for ML Engineer positions.,Too generic,No,Yes,Yes,Strong career objective with measurable impact.
RC022,ROLE026,UX Designer,Professional Summary,Career objective,High,Ensure the resume includes career objective tailored for AI Engineer positions.,Outdated information,Yes,Yes,Yes,Strong career objective with measurable impact.
RC023,ROLE004,Data Analyst,Professional Summary,Career objective,High,Ensure the resume includes career objective tailored for Cloud Engineer positions.,Missing details,No,Yes,No,Strong career objective with measurable impact.
RC024,ROLE015,Android Developer,Professional Summary,Career objective,Critical,Ensure the resume includes career objective tailored for Data Scientist positions.,Missing details,No,Yes,No,Strong career objective with measurable impact.
RC025,ROLE007,Frontend Developer,Professional Summary,Role-focused summary,Medium,Ensure the resume includes role-focused summary tailored for Data Scientist positions.,Outdated information,No,Yes,No,Strong role-focused summary with measurable impact.
RC026,ROLE049,Salesforce Developer,Professional Summary,Role-focused summary,Critical,Ensure the resume includes role-focused summary tailored for Software Engineer positions.,Too generic,Yes,Yes,No,Strong role-focused summary with measurable impact.
RC027,ROLE045,Technical Writer,Professional Summary,Role-focused summary,High,Ensure the resume includes role-focused summary tailored for Cloud Engineer positions.,Poor formatting,Yes,Yes,No,Strong role-focused summary with measurable impact.
RC028,ROLE060,Web Developer,Professional Summary,Role-focused summary,High,Ensure the resume includes role-focused summary tailored for Full Stack Developer positions.,Missing details,No,Yes,Yes,Strong role-focused summary with measurable impact.
RC029,ROLE021,Blockchain Developer,Professional Summary,Role-focused summary,High,Ensure the resume includes role-focused summary tailored for Cybersecurity Analyst positions.,Outdated information,Yes,Yes,Yes,Strong role-focused summary with measurable impact.
RC030,ROLE046,Cloud Security Engineer,Professional Summary,Role-focused summary,Critical,Ensure the resume includes role-focused summary tailored for AI Engineer positions.,Missing details,No,Yes,No,Strong role-focused summary with measurable impact.
RC031,ROLE036,Prompt Engineer,Professional Summary,Role-focused summary,Critical,Ensure the resume includes role-focused summary tailored for ML Engineer positions.,Outdated information,No,Yes,No,Strong role-focused summary with measurable impact.
RC032,ROLE046,Cloud Security Engineer,Professional Summary,Role-focused summary,High,Ensure the resume includes role-focused summary tailored for ML Engineer positions.,Too generic,Yes,Yes,Yes,Strong role-focused summary with measurable impact.
RC033,ROLE003,AI Engineer,Education,CGPA,High,Ensure the resume includes cgpa tailored for AI Engineer positions.,Missing details,No,Yes,Yes,Strong cgpa with measurable impact.
RC034,ROLE018,QA Engineer,Education,CGPA,High,Ensure the resume includes cgpa tailored for Full Stack Developer positions.,Too generic,No,Yes,Yes,Strong cgpa with measurable impact.
RC035,ROLE013,Security Engineer,Education,CGPA,Critical,Ensure the resume includes cgpa tailored for Software Engineer positions.,Too generic,No,Yes,Yes,Strong cgpa with measurable impact.
RC036,ROLE015,Android Developer,Education,CGPA,Critical,Ensure the resume includes cgpa tailored for Business Analyst positions.,Outdated information,No,Yes,Yes,Strong cgpa with measurable impact.
RC037,ROLE024,Robotics Engineer,Education,CGPA,Critical,Ensure the resume includes cgpa tailored for Full Stack Developer positions.,Outdated information,Yes,Yes,No,Strong cgpa with measurable impact.
RC038,ROLE035,BI Developer,Education,CGPA,Critical,Ensure the resume includes cgpa tailored for Backend Developer positions.,Poor formatting,Yes,Yes,No,Strong cgpa with measurable impact.
RC039,ROLE045,Technical Writer,Education,CGPA,Critical,Ensure the resume includes cgpa tailored for AI Engineer positions.,Poor formatting,Yes,Yes,No,Strong cgpa with measurable impact.
RC040,ROLE032,Site Reliability Engineer,Education,CGPA,High,Ensure the resume includes cgpa tailored for Full Stack Developer positions.,Too generic,No,Yes,No,Strong cgpa with measurable impact.
RC041,ROLE007,Frontend Developer,Education,Relevant coursework,Medium,Ensure the resume includes relevant coursework tailored for AI Engineer positions.,Poor formatting,No,Yes,Yes,Strong relevant coursework with measurable impact.
RC042,ROLE031,Data Engineer,Education,Relevant coursework,Critical,Ensure the resume includes relevant coursework tailored for Business Analyst positions.,Too generic,No,Yes,Yes,Strong relevant coursework with measurable impact.
RC043,ROLE051,Systems Administrator,Education,Relevant coursework,Medium,Ensure the resume includes relevant coursework tailored for Backend Developer positions.,Missing details,No,Yes,Yes,Strong relevant coursework with measurable impact.
RC044,ROLE014,Ethical Hacker,Education,Relevant coursework,Medium,Ensure the resume includes relevant coursework tailored for Cloud Engineer positions.,Missing details,Yes,Yes,Yes,Strong relevant coursework with measurable impact.
RC045,ROLE024,Robotics Engineer,Education,Relevant coursework,High,Ensure the resume includes relevant coursework tailored for Full Stack Developer positions.,Poor formatting,No,Yes,No,Strong relevant coursework with measurable impact.
RC046,ROLE017,Flutter Developer,Education,Relevant coursework,High,Ensure the resume includes relevant coursework tailored for DevOps Engineer positions.,Outdated information,No,Yes,Yes,Strong relevant coursework with measurable impact.
RC047,ROLE005,Business Analyst,Education,Relevant coursework,Medium,Ensure the resume includes relevant coursework tailored for AI Engineer positions.,Missing details,No,Yes,Yes,Strong relevant coursework with measurable impact.
RC048,ROLE007,Frontend Developer,Education,Relevant coursework,Critical,Ensure the resume includes relevant coursework tailored for Business Analyst positions.,Outdated information,No,Yes,No,Strong relevant coursework with measurable impact.
RC049,ROLE040,AR/VR Developer,Technical Skills,Programming languages,Critical,Ensure the resume includes programming languages tailored for Business Analyst positions.,Missing details,Yes,Yes,No,Strong programming languages with measurable impact.
RC050,ROLE051,Systems Administrator,Technical Skills,Programming languages,High,Ensure the resume includes programming languages tailored for Cybersecurity Analyst positions.,Outdated information,No,Yes,No,Strong programming languages with measurable impact.
RC051,ROLE016,iOS Developer,Technical Skills,Programming languages,High,Ensure the resume includes programming languages tailored for Cloud Engineer positions.,Poor formatting,No,Yes,No,Strong programming languages with measurable impact.
RC052,ROLE025,UI Designer,Technical Skills,Programming languages,Medium,Ensure the resume includes programming languages tailored for Cloud Engineer positions.,Poor formatting,Yes,Yes,Yes,Strong programming languages with measurable impact.
RC053,ROLE054,Storage Engineer,Technical Skills,Programming languages,High,Ensure the resume includes programming languages tailored for Business Analyst positions.,Poor formatting,No,Yes,No,Strong programming languages with measurable impact.
RC054,ROLE039,Computer Vision Engineer,Technical Skills,Programming languages,Critical,Ensure the resume includes programming languages tailored for AI Engineer positions.,Poor formatting,No,Yes,Yes,Strong programming languages with measurable impact.
RC055,ROLE044,SEO Analyst,Technical Skills,Programming languages,Medium,Ensure the resume includes programming languages tailored for AI Engineer positions.,Outdated information,Yes,Yes,Yes,Strong programming languages with measurable impact.
RC056,ROLE012,Cyber Security Analyst,Technical Skills,Programming languages,High,Ensure the resume includes programming languages tailored for Business Analyst positions.,Too generic,Yes,Yes,Yes,Strong programming languages with measurable impact.
RC057,ROLE011,Cloud Engineer,Technical Skills,Frameworks & Tools,High,Ensure the resume includes frameworks & tools tailored for Cloud Engineer positions.,Outdated information,Yes,Yes,No,Strong frameworks & tools with measurable impact.
RC058,ROLE060,Web Developer,Technical Skills,Frameworks & Tools,Critical,Ensure the resume includes frameworks & tools tailored for Backend Developer positions.,Outdated information,Yes,Yes,Yes,Strong frameworks & tools with measurable impact.
RC059,ROLE002,Machine Learning Engineer,Technical Skills,Frameworks & Tools,Critical,Ensure the resume includes frameworks & tools tailored for Data Scientist positions.,Too generic,Yes,Yes,No,Strong frameworks & tools with measurable impact.
RC060,ROLE010,DevOps Engineer,Technical Skills,Frameworks & Tools,Medium,Ensure the resume includes frameworks & tools tailored for Data Scientist positions.,Poor formatting,No,Yes,Yes,Strong frameworks & tools with measurable impact.
RC061,ROLE057,IT Support Specialist,Technical Skills,Frameworks & Tools,High,Ensure the resume includes frameworks & tools tailored for Business Analyst positions.,Too generic,Yes,Yes,Yes,Strong frameworks & tools with measurable impact.
RC062,ROLE006,Backend Developer,Technical Skills,Frameworks & Tools,Medium,Ensure the resume includes frameworks & tools tailored for Cybersecurity Analyst positions.,Missing details,No,Yes,No,Strong frameworks & tools with measurable impact.
RC063,ROLE023,Embedded Systems Engineer,Technical Skills,Frameworks & Tools,High,Ensure the resume includes frameworks & tools tailored for DevOps Engineer positions.,Missing details,No,Yes,No,Strong frameworks & tools with measurable impact.
RC064,ROLE004,Data Analyst,Technical Skills,Frameworks & Tools,High,Ensure the resume includes frameworks & tools tailored for AI Engineer positions.,Missing details,No,Yes,Yes,Strong frameworks & tools with measurable impact.
RC065,ROLE015,Android Developer,Projects,Industry-level project,Critical,Ensure the resume includes industry-level project tailored for AI Engineer positions.,Missing details,No,Yes,No,Strong industry-level project with measurable impact.
RC066,ROLE008,Full Stack Developer,Projects,Industry-level project,Medium,Ensure the resume includes industry-level project tailored for Full Stack Developer positions.,Poor formatting,No,Yes,No,Strong industry-level project with measurable impact.
RC067,ROLE027,UI/UX Designer,Projects,Industry-level project,High,Ensure the resume includes industry-level project tailored for Backend Developer positions.,Poor formatting,Yes,Yes,No,Strong industry-level project with measurable impact.
RC068,ROLE043,Digital Marketing Analyst,Projects,Industry-level project,Critical,Ensure the resume includes industry-level project tailored for Full Stack Developer positions.,Outdated information,No,Yes,Yes,Strong industry-level project with measurable impact.
RC069,ROLE042,ERP Consultant,Projects,Industry-level project,High,Ensure the resume includes industry-level project tailored for Business Analyst positions.,Outdated information,No,Yes,Yes,Strong industry-level project with measurable impact.
RC070,ROLE057,IT Support Specialist,Projects,Industry-level project,Medium,Ensure the resume includes industry-level project tailored for DevOps Engineer positions.,Outdated information,No,Yes,Yes,Strong industry-level project with measurable impact.
RC071,ROLE005,Business Analyst,Projects,Industry-level project,Critical,Ensure the resume includes industry-level project tailored for AI Engineer positions.,Outdated information,No,Yes,Yes,Strong industry-level project with measurable impact.
RC072,ROLE057,IT Support Specialist,Projects,Industry-level project,Medium,Ensure the resume includes industry-level project tailored for Backend Developer positions.,Too generic,No,Yes,No,Strong industry-level project with measurable impact.
RC073,ROLE023,Embedded Systems Engineer,Projects,GitHub repository,Medium,Ensure the resume includes github repository tailored for DevOps Engineer positions.,Too generic,Yes,Yes,No,Strong github repository with measurable impact.
RC074,ROLE016,iOS Developer,Projects,GitHub repository,High,Ensure the resume includes github repository tailored for Data Scientist positions.,Missing details,No,Yes,Yes,Strong github repository with measurable impact.
RC075,ROLE048,CRM Developer,Projects,GitHub repository,Medium,Ensure the resume includes github repository tailored for Business Analyst positions.,Too generic,Yes,Yes,Yes,Strong github repository with measurable impact.
RC076,ROLE059,Platform Engineer,Projects,GitHub repository,High,Ensure the resume includes github repository tailored for Full Stack Developer positions.,Missing details,Yes,Yes,No,Strong github repository with measurable impact.
RC077,ROLE043,Digital Marketing Analyst,Projects,GitHub repository,Critical,Ensure the resume includes github repository tailored for DevOps Engineer positions.,Missing details,No,Yes,Yes,Strong github repository with measurable impact.
RC078,ROLE031,Data Engineer,Projects,GitHub repository,Critical,Ensure the resume includes github repository tailored for Full Stack Developer positions.,Poor formatting,No,Yes,Yes,Strong github repository with measurable impact.
RC079,ROLE012,Cyber Security Analyst,Projects,GitHub repository,Critical,Ensure the resume includes github repository tailored for Cybersecurity Analyst positions.,Poor formatting,No,Yes,Yes,Strong github repository with measurable impact.
RC080,ROLE043,Digital Marketing Analyst,Projects,GitHub repository,Medium,Ensure the resume includes github repository tailored for AI Engineer positions.,Outdated information,No,Yes,No,Strong github repository with measurable impact.
RC081,ROLE025,UI Designer,Internships,Relevant internship,High,Ensure the resume includes relevant internship tailored for AI Engineer positions.,Poor formatting,No,Yes,No,Strong relevant internship with measurable impact.
RC082,ROLE009,Software Engineer,Internships,Relevant internship,High,Ensure the resume includes relevant internship tailored for Backend Developer positions.,Too generic,No,Yes,No,Strong relevant internship with measurable impact.
RC083,ROLE038,NLP Engineer,Internships,Relevant internship,Medium,Ensure the resume includes relevant internship tailored for Data Scientist positions.,Poor formatting,Yes,Yes,No,Strong relevant internship with measurable impact.
RC084,ROLE025,UI Designer,Internships,Relevant internship,Critical,Ensure the resume includes relevant internship tailored for Cybersecurity Analyst positions.,Outdated information,Yes,Yes,No,Strong relevant internship with measurable impact.
RC085,ROLE054,Storage Engineer,Internships,Relevant internship,Critical,Ensure the resume includes relevant internship tailored for Cloud Engineer positions.,Too generic,Yes,Yes,No,Strong relevant internship with measurable impact.
RC086,ROLE015,Android Developer,Internships,Relevant internship,Medium,Ensure the resume includes relevant internship tailored for Cybersecurity Analyst positions.,Too generic,No,Yes,No,Strong relevant internship with measurable impact.
RC087,ROLE049,Salesforce Developer,Internships,Relevant internship,Medium,Ensure the resume includes relevant internship tailored for DevOps Engineer positions.,Missing details,Yes,Yes,Yes,Strong relevant internship with measurable impact.
RC088,ROLE034,Solutions Architect,Internships,Relevant internship,Critical,Ensure the resume includes relevant internship tailored for Software Engineer positions.,Too generic,No,Yes,No,Strong relevant internship with measurable impact.
RC089,ROLE058,Data Governance Analyst,Certifications,Cloud certification,High,Ensure the resume includes cloud certification tailored for ML Engineer positions.,Poor formatting,No,Yes,Yes,Strong cloud certification with measurable impact.
RC090,ROLE021,Blockchain Developer,Certifications,Cloud certification,Medium,Ensure the resume includes cloud certification tailored for Business Analyst positions.,Poor formatting,No,Yes,No,Strong cloud certification with measurable impact.
RC091,ROLE060,Web Developer,Certifications,Cloud certification,High,Ensure the resume includes cloud certification tailored for Backend Developer positions.,Outdated information,Yes,Yes,Yes,Strong cloud certification with measurable impact.
RC092,ROLE007,Frontend Developer,Certifications,Cloud certification,High,Ensure the resume includes cloud certification tailored for Cybersecurity Analyst positions.,Missing details,Yes,Yes,Yes,Strong cloud certification with measurable impact.
RC093,ROLE043,Digital Marketing Analyst,Certifications,Cloud certification,Critical,Ensure the resume includes cloud certification tailored for ML Engineer positions.,Outdated information,No,Yes,Yes,Strong cloud certification with measurable impact.
RC094,ROLE043,Digital Marketing Analyst,Certifications,Cloud certification,Medium,Ensure the resume includes cloud certification tailored for Cybersecurity Analyst positions.,Poor formatting,No,Yes,Yes,Strong cloud certification with measurable impact.
RC095,ROLE023,Embedded Systems Engineer,Certifications,Cloud certification,Medium,Ensure the resume includes cloud certification tailored for Business Analyst positions.,Missing details,Yes,Yes,Yes,Strong cloud certification with measurable impact.
RC096,ROLE050,Power BI Developer,Certifications,Cloud certification,High,Ensure the resume includes cloud certification tailored for Cybersecurity Analyst positions.,Poor formatting,Yes,Yes,No,Strong cloud certification with measurable impact.
RC097,ROLE059,Platform Engineer,Certifications,AI certification,Critical,Ensure the resume includes ai certification tailored for AI Engineer positions.,Too generic,No,Yes,Yes,Strong ai certification with measurable impact.
RC098,ROLE015,Android Developer,Certifications,AI certification,Medium,Ensure the resume includes ai certification tailored for ML Engineer positions.,Poor formatting,Yes,Yes,No,Strong ai certification with measurable impact.
RC099,ROLE053,Firmware Engineer,Certifications,AI certification,Critical,Ensure the resume includes ai certification tailored for Cybersecurity Analyst positions.,Outdated information,No,Yes,No,Strong ai certification with measurable impact.
RC100,ROLE038,NLP Engineer,Certifications,AI certification,Medium,Ensure the resume includes ai certification tailored for Full Stack Developer positions.,Missing details,No,Yes,Yes,Strong ai certification with measurable impact.
RC101,ROLE035,BI Developer,Certifications,AI certification,Medium,Ensure the resume includes ai certification tailored for DevOps Engineer positions.,Outdated information,Yes,Yes,Yes,Strong ai certification with measurable impact.
RC102,ROLE047,Penetration Tester,Certifications,AI certification,High,Ensure the resume includes ai certification tailored for Cybersecurity Analyst positions.,Outdated information,No,Yes,No,Strong ai certification with measurable impact.
RC103,ROLE032,Site Reliability Engineer,Certifications,AI certification,Medium,Ensure the resume includes ai certification tailored for Business Analyst positions.,Outdated information,No,Yes,No,Strong ai certification with measurable impact.
RC104,ROLE049,Salesforce Developer,Certifications,AI certification,High,Ensure the resume includes ai certification tailored for AI Engineer positions.,Too generic,Yes,Yes,No,Strong ai certification with measurable impact.
RC105,ROLE005,Business Analyst,Experience,Work experience,Medium,Ensure the resume includes work experience tailored for Data Scientist positions.,Too generic,Yes,Yes,Yes,Strong work experience with measurable impact.
RC106,ROLE020,Game Developer,Experience,Work experience,Critical,Ensure the resume includes work experience tailored for Backend Developer positions.,Too generic,Yes,Yes,No,Strong work experience with measurable impact.
RC107,ROLE035,BI Developer,Experience,Work experience,Critical,Ensure the resume includes work experience tailored for Cloud Engineer positions.,Missing details,Yes,Yes,Yes,Strong work experience with measurable impact.
RC108,ROLE002,Machine Learning Engineer,Experience,Work experience,Critical,Ensure the resume includes work experience tailored for DevOps Engineer positions.,Poor formatting,No,Yes,No,Strong work experience with measurable impact.
RC109,ROLE047,Penetration Tester,Experience,Work experience,Medium,Ensure the resume includes work experience tailored for Software Engineer positions.,Too generic,No,Yes,No,Strong work experience with measurable impact.
RC110,ROLE052,Automation Engineer,Experience,Work experience,High,Ensure the resume includes work experience tailored for DevOps Engineer positions.,Outdated information,Yes,Yes,Yes,Strong work experience with measurable impact.
RC111,ROLE029,Technical Support Engineer,Experience,Work experience,Medium,Ensure the resume includes work experience tailored for Business Analyst positions.,Poor formatting,No,Yes,Yes,Strong work experience with measurable impact.
RC112,ROLE027,UI/UX Designer,Experience,Work experience,Critical,Ensure the resume includes work experience tailored for Cybersecurity Analyst positions.,Too generic,Yes,Yes,Yes,Strong work experience with measurable impact.
RC113,ROLE018,QA Engineer,Achievements,Hackathons,High,Ensure the resume includes hackathons tailored for Full Stack Developer positions.,Too generic,Yes,Yes,Yes,Strong hackathons with measurable impact.
RC114,ROLE034,Solutions Architect,Achievements,Hackathons,Critical,Ensure the resume includes hackathons tailored for DevOps Engineer positions.,Outdated information,Yes,Yes,Yes,Strong hackathons with measurable impact.
RC115,ROLE024,Robotics Engineer,Achievements,Hackathons,Critical,Ensure the resume includes hackathons tailored for Data Scientist positions.,Poor formatting,Yes,Yes,No,Strong hackathons with measurable impact.
RC116,ROLE046,Cloud Security Engineer,Achievements,Hackathons,High,Ensure the resume includes hackathons tailored for Cloud Engineer positions.,Outdated information,No,Yes,No,Strong hackathons with measurable impact.
RC117,ROLE055,Release Engineer,Achievements,Hackathons,High,Ensure the resume includes hackathons tailored for Software Engineer positions.,Missing details,No,Yes,Yes,Strong hackathons with measurable impact.
RC118,ROLE040,AR/VR Developer,Achievements,Hackathons,Critical,Ensure the resume includes hackathons tailored for Backend Developer positions.,Too generic,No,Yes,Yes,Strong hackathons with measurable impact.
RC119,ROLE010,DevOps Engineer,Achievements,Hackathons,Medium,Ensure the resume includes hackathons tailored for AI Engineer positions.,Missing details,No,Yes,Yes,Strong hackathons with measurable impact.
RC120,ROLE031,Data Engineer,Achievements,Hackathons,Critical,Ensure the resume includes hackathons tailored for Data Scientist positions.,Poor formatting,No,Yes,No,Strong hackathons with measurable impact.
RC121,ROLE046,Cloud Security Engineer,Achievements,Research papers,High,Ensure the resume includes research papers tailored for Backend Developer positions.,Poor formatting,No,Yes,Yes,Strong research papers with measurable impact.
RC122,ROLE020,Game Developer,Achievements,Research papers,Medium,Ensure the resume includes research papers tailored for Cybersecurity Analyst positions.,Missing details,No,Yes,No,Strong research papers with measurable impact.
RC123,ROLE020,Game Developer,Achievements,Research papers,High,Ensure the resume includes research papers tailored for ML Engineer positions.,Poor formatting,Yes,Yes,No,Strong research papers with measurable impact.
RC124,ROLE059,Platform Engineer,Achievements,Research papers,Medium,Ensure the resume includes research papers tailored for Full Stack Developer positions.,Missing details,Yes,Yes,No,Strong research papers with measurable impact.
RC125,ROLE021,Blockchain Developer,Achievements,Research papers,Critical,Ensure the resume includes research papers tailored for Backend Developer positions.,Too generic,No,Yes,Yes,Strong research papers with measurable impact.
RC126,ROLE018,QA Engineer,Achievements,Research papers,Critical,Ensure the resume includes research papers tailored for DevOps Engineer positions.,Outdated information,Yes,Yes,Yes,Strong research papers with measurable impact.
RC127,ROLE060,Web Developer,Achievements,Research papers,Medium,Ensure the resume includes research papers tailored for Data Scientist positions.,Missing details,No,Yes,No,Strong research papers with measurable impact.
RC128,ROLE021,Blockchain Developer,Achievements,Research papers,Medium,Ensure the resume includes research papers tailored for Data Scientist positions.,Poor formatting,No,Yes,Yes,Strong research papers with measurable impact.
RC129,ROLE041,SAP Consultant,Soft Skills,Communication,Medium,Ensure the resume includes communication tailored for Software Engineer positions.,Missing details,No,Yes,No,Strong communication with measurable impact.
RC130,ROLE012,Cyber Security Analyst,Soft Skills,Communication,High,Ensure the resume includes communication tailored for ML Engineer positions.,Too generic,Yes,Yes,No,Strong communication with measurable impact.
RC131,ROLE042,ERP Consultant,Soft Skills,Communication,Medium,Ensure the resume includes communication tailored for Full Stack Developer positions.,Too generic,Yes,Yes,Yes,Strong communication with measurable impact.
RC132,ROLE036,Prompt Engineer,Soft Skills,Communication,Critical,Ensure the resume includes communication tailored for Backend Developer positions.,Missing details,Yes,Yes,No,Strong communication with measurable impact.
RC133,ROLE036,Prompt Engineer,Soft Skills,Communication,Medium,Ensure the resume includes communication tailored for Full Stack Developer positions.,Too generic,No,Yes,Yes,Strong communication with measurable impact.
RC134,ROLE012,Cyber Security Analyst,Soft Skills,Communication,High,Ensure the resume includes communication tailored for Cloud Engineer positions.,Poor formatting,No,Yes,Yes,Strong communication with measurable impact.
RC135,ROLE031,Data Engineer,Soft Skills,Communication,High,Ensure the resume includes communication tailored for AI Engineer positions.,Missing details,No,Yes,Yes,Strong communication with measurable impact.
RC136,ROLE060,Web Developer,Soft Skills,Communication,Critical,Ensure the resume includes communication tailored for ML Engineer positions.,Missing details,No,Yes,No,Strong communication with measurable impact.
RC137,ROLE057,IT Support Specialist,Soft Skills,Teamwork,High,Ensure the resume includes teamwork tailored for ML Engineer positions.,Too generic,No,Yes,No,Strong teamwork with measurable impact.
RC138,ROLE013,Security Engineer,Soft Skills,Teamwork,Critical,Ensure the resume includes teamwork tailored for Cybersecurity Analyst positions.,Poor formatting,Yes,Yes,Yes,Strong teamwork with measurable impact.
RC139,ROLE002,Machine Learning Engineer,Soft Skills,Teamwork,Medium,Ensure the resume includes teamwork tailored for Software Engineer positions.,Outdated information,No,Yes,Yes,Strong teamwork with measurable impact.
RC140,ROLE035,BI Developer,Soft Skills,Teamwork,High,Ensure the resume includes teamwork tailored for Cybersecurity Analyst positions.,Missing details,No,Yes,Yes,Strong teamwork with measurable impact.
RC141,ROLE044,SEO Analyst,Soft Skills,Teamwork,Medium,Ensure the resume includes teamwork tailored for DevOps Engineer positions.,Too generic,Yes,Yes,No,Strong teamwork with measurable impact.
RC142,ROLE005,Business Analyst,Soft Skills,Teamwork,High,Ensure the resume includes teamwork tailored for DevOps Engineer positions.,Missing details,Yes,Yes,Yes,Strong teamwork with measurable impact.
RC143,ROLE048,CRM Developer,Soft Skills,Teamwork,Medium,Ensure the resume includes teamwork tailored for Software Engineer positions.,Too generic,No,Yes,No,Strong teamwork with measurable impact.
RC144,ROLE049,Salesforce Developer,Soft Skills,Teamwork,High,Ensure the resume includes teamwork tailored for Business Analyst positions.,Missing details,Yes,Yes,Yes,Strong teamwork with measurable impact.
RC145,ROLE051,Systems Administrator,GitHub,Updated GitHub profile,High,Ensure the resume includes updated github profile tailored for AI Engineer positions.,Missing details,Yes,Yes,No,Strong updated github profile with measurable impact.
RC146,ROLE006,Backend Developer,GitHub,Updated GitHub profile,Medium,Ensure the resume includes updated github profile tailored for Backend Developer positions.,Missing details,Yes,Yes,No,Strong updated github profile with measurable impact.
RC147,ROLE033,Network Engineer,GitHub,Updated GitHub profile,Medium,Ensure the resume includes updated github profile tailored for ML Engineer positions.,Too generic,Yes,Yes,No,Strong updated github profile with measurable impact.
RC148,ROLE059,Platform Engineer,GitHub,Updated GitHub profile,Medium,Ensure the resume includes updated github profile tailored for Backend Developer positions.,Missing details,Yes,Yes,Yes,Strong updated github profile with measurable impact.
RC149,ROLE050,Power BI Developer,GitHub,Updated GitHub profile,Critical,Ensure the resume includes updated github profile tailored for Full Stack Developer positions.,Outdated information,No,Yes,Yes,Strong updated github profile with measurable impact.
RC150,ROLE046,Cloud Security Engineer,GitHub,Updated GitHub profile,Medium,Ensure the resume includes updated github profile tailored for Full Stack Developer positions.,Outdated information,No,Yes,No,Strong updated github profile with measurable impact.
RC151,ROLE042,ERP Consultant,GitHub,Updated GitHub profile,High,Ensure the resume includes updated github profile tailored for AI Engineer positions.,Too generic,Yes,Yes,No,Strong updated github profile with measurable impact.
RC152,ROLE016,iOS Developer,GitHub,Updated GitHub profile,High,Ensure the resume includes updated github profile tailored for Backend Developer positions.,Too generic,Yes,Yes,Yes,Strong updated github profile with measurable impact.
RC153,ROLE024,Robotics Engineer,LinkedIn,Optimized LinkedIn profile,Critical,Ensure the resume includes optimized linkedin profile tailored for ML Engineer positions.,Poor formatting,No,Yes,No,Strong optimized linkedin profile with measurable impact.
RC154,ROLE041,SAP Consultant,LinkedIn,Optimized LinkedIn profile,Medium,Ensure the resume includes optimized linkedin profile tailored for Backend Developer positions.,Too generic,No,Yes,No,Strong optimized linkedin profile with measurable impact.
RC155,ROLE036,Prompt Engineer,LinkedIn,Optimized LinkedIn profile,High,Ensure the resume includes optimized linkedin profile tailored for Software Engineer positions.,Missing details,No,Yes,Yes,Strong optimized linkedin profile with measurable impact.
RC156,ROLE040,AR/VR Developer,LinkedIn,Optimized LinkedIn profile,Medium,Ensure the resume includes optimized linkedin profile tailored for Full Stack Developer positions.,Poor formatting,Yes,Yes,Yes,Strong optimized linkedin profile with measurable impact.
RC157,ROLE007,Frontend Developer,LinkedIn,Optimized LinkedIn profile,Critical,Ensure the resume includes optimized linkedin profile tailored for DevOps Engineer positions.,Outdated information,Yes,Yes,No,Strong optimized linkedin profile with measurable impact.
RC158,ROLE029,Technical Support Engineer,LinkedIn,Optimized LinkedIn profile,High,Ensure the resume includes optimized linkedin profile tailored for Full Stack Developer positions.,Outdated information,Yes,Yes,Yes,Strong optimized linkedin profile with measurable impact.
RC159,ROLE014,Ethical Hacker,LinkedIn,Optimized LinkedIn profile,High,Ensure the resume includes optimized linkedin profile tailored for AI Engineer positions.,Too generic,No,Yes,No,Strong optimized linkedin profile with measurable impact.
RC160,ROLE052,Automation Engineer,LinkedIn,Optimized LinkedIn profile,Critical,Ensure the resume includes optimized linkedin profile tailored for Cybersecurity Analyst positions.,Missing details,No,Yes,Yes,Strong optimized linkedin profile with measurable impact.
RC161,ROLE053,Firmware Engineer,Resume Formatting,One-page resume,Medium,Ensure the resume includes one-page resume tailored for Cloud Engineer positions.,Too generic,No,Yes,No,Strong one-page resume with measurable impact.
RC162,ROLE060,Web Developer,Resume Formatting,One-page resume,Medium,Ensure the resume includes one-page resume tailored for Data Scientist positions.,Outdated information,Yes,Yes,No,Strong one-page resume with measurable impact.
RC163,ROLE034,Solutions Architect,Resume Formatting,One-page resume,Medium,Ensure the resume includes one-page resume tailored for ML Engineer positions.,Outdated information,Yes,Yes,No,Strong one-page resume with measurable impact.
RC164,ROLE051,Systems Administrator,Resume Formatting,One-page resume,Critical,Ensure the resume includes one-page resume tailored for AI Engineer positions.,Poor formatting,Yes,Yes,Yes,Strong one-page resume with measurable impact.
RC165,ROLE015,Android Developer,Resume Formatting,One-page resume,Medium,Ensure the resume includes one-page resume tailored for Business Analyst positions.,Missing details,No,Yes,No,Strong one-page resume with measurable impact.
RC166,ROLE060,Web Developer,Resume Formatting,One-page resume,High,Ensure the resume includes one-page resume tailored for Data Scientist positions.,Too generic,No,Yes,Yes,Strong one-page resume with measurable impact.
RC167,ROLE032,Site Reliability Engineer,Resume Formatting,One-page resume,Critical,Ensure the resume includes one-page resume tailored for ML Engineer positions.,Outdated information,No,Yes,No,Strong one-page resume with measurable impact.
RC168,ROLE001,Data Scientist,Resume Formatting,One-page resume,High,Ensure the resume includes one-page resume tailored for Business Analyst positions.,Poor formatting,Yes,Yes,No,Strong one-page resume with measurable impact.
RC169,ROLE044,SEO Analyst,Resume Formatting,ATS-friendly layout,Medium,Ensure the resume includes ats-friendly layout tailored for Software Engineer positions.,Poor formatting,No,Yes,Yes,Strong ats-friendly layout with measurable impact.
RC170,ROLE039,Computer Vision Engineer,Resume Formatting,ATS-friendly layout,High,Ensure the resume includes ats-friendly layout tailored for Cybersecurity Analyst positions.,Poor formatting,No,Yes,No,Strong ats-friendly layout with measurable impact.
RC171,ROLE021,Blockchain Developer,Resume Formatting,ATS-friendly layout,High,Ensure the resume includes ats-friendly layout tailored for Cloud Engineer positions.,Outdated information,Yes,Yes,Yes,Strong ats-friendly layout with measurable impact.
RC172,ROLE022,IoT Engineer,Resume Formatting,ATS-friendly layout,Critical,Ensure the resume includes ats-friendly layout tailored for Software Engineer positions.,Poor formatting,Yes,Yes,Yes,Strong ats-friendly layout with measurable impact.
RC173,ROLE028,Product Manager,Resume Formatting,ATS-friendly layout,Critical,Ensure the resume includes ats-friendly layout tailored for AI Engineer positions.,Poor formatting,Yes,Yes,Yes,Strong ats-friendly layout with measurable impact.
RC174,ROLE012,Cyber Security Analyst,Resume Formatting,ATS-friendly layout,Medium,Ensure the resume includes ats-friendly layout tailored for Software Engineer positions.,Poor formatting,Yes,Yes,No,Strong ats-friendly layout with measurable impact.
RC175,ROLE014,Ethical Hacker,Resume Formatting,ATS-friendly layout,Critical,Ensure the resume includes ats-friendly layout tailored for Cybersecurity Analyst positions.,Poor formatting,No,Yes,Yes,Strong ats-friendly layout with measurable impact.
RC176,ROLE003,AI Engineer,Resume Formatting,ATS-friendly layout,Critical,Ensure the resume includes ats-friendly layout tailored for Cloud Engineer positions.,Missing details,No,Yes,Yes,Strong ats-friendly layout with measurable impact.
