mapping_id,role_id,skill_id,importance,minimum_proficiency,mandatory,recommended_learning_order
MAP0001,ROLE001,SK001,High,Intermediate,Yes,1
MAP0002,ROLE001,SK002,High,Intermediate,Yes,2
MAP0003,ROLE001,SK003,High,Intermediate,Yes,3
MAP0004,ROLE001,SK004,High,Intermediate,Yes,4
MAP0005,ROLE001,SK005,High,Intermediate,Yes,5
MAP0006,ROLE001,SK006,Medium,Beginner,Yes,6
MAP0007,ROLE001,SK007,Medium,Beginner,Yes,7
MAP0008,ROLE001,SK008,Medium,Beginner,Yes,8
MAP0009,ROLE001,SK009,Medium,Beginner,Yes,9
MAP0010,ROLE001,SK010,Medium,Beginner,Yes,10
MAP0011,ROLE001,SK011,Medium,Beginner,Yes,11
MAP0012,ROLE001,SK012,Medium,Beginner,Yes,12
MAP0013,ROLE001,SK013,Medium,Beginner,Yes,13
MAP0014,ROLE001,SK014,Medium,Beginner,Yes,14
MAP0015,ROLE001,SK015,Medium,Beginner,Yes,15
MAP0016,ROLE001,SK016,Low,Beginner,No,16
MAP0017,ROLE001,SK017,Low,Beginner,No,17
MAP0018,ROLE001,SK018,Low,Beginner,No,18
MAP0019,ROLE001,SK019,Low,Beginner,No,19
MAP0020,ROLE001,SK020,Low,Beginner,No,20
MAP0021,ROLE001,SK021,Low,Beginner,No,21
MAP0022,ROLE001,SK022,Low,Beginner,No,22
MAP0023,ROLE001,SK023,Low,Beginner,No,23
MAP0024,ROLE001,SK024,Low,Beginner,No,24
MAP0025,ROLE001,SK025,Low,Beginner,No,25
MAP0026,ROLE002,SK024,High,Intermediate,Yes,1
MAP0027,ROLE002,SK025,High,Intermediate,Yes,2
MAP0028,ROLE002,SK026,High,Intermediate,Yes,3
MAP0029,ROLE002,SK027,High,Intermediate,Yes,4
MAP0030,ROLE002,SK028,High,Intermediate,Yes,5
MAP0031,ROLE002,SK029,Medium,Beginner,Yes,6
MAP0032,ROLE002,SK030,Medium,Beginner,Yes,7
MAP0033,ROLE002,SK031,Medium,Beginner,Yes,8
MAP0034,ROLE002,SK032,Medium,Beginner,Yes,9
MAP0035,ROLE002,SK033,Medium,Beginner,Yes,10
MAP0036,ROLE002,SK034,Medium,Beginner,Yes,11
MAP0037,ROLE002,SK035,Medium,Beginner,Yes,12
MAP0038,ROLE002,SK036,Medium,Beginner,Yes,13
MAP0039,ROLE002,SK037,Medium,Beginner,Yes,14
MAP0040,ROLE002,SK038,Medium,Beginner,Yes,15
MAP0041,ROLE002,SK039,Low,Beginner,No,16
MAP0042,ROLE002,SK040,Low,Beginner,No,17
MAP0043,ROLE002,SK041,Low,Beginner,No,18
MAP0044,ROLE002,SK042,Low,Beginner,No,19
MAP0045,ROLE002,SK043,Low,Beginner,No,20
MAP0046,ROLE002,SK044,Low,Beginner,No,21
MAP0047,ROLE002,SK045,Low,Beginner,No,22
MAP0048,ROLE002,SK046,Low,Beginner,No,23
MAP0049,ROLE002,SK047,Low,Beginner,No,24
MAP0050,ROLE002,SK048,Low,Beginner,No,25
MAP0051,ROLE003,SK047,High,Intermediate,Yes,1
MAP0052,ROLE003,SK048,High,Intermediate,Yes,2
MAP0053,ROLE003,SK049,High,Intermediate,Yes,3
MAP0054,ROLE003,SK050,High,Intermediate,Yes,4
MAP0055,ROLE003,SK051,High,Intermediate,Yes,5
MAP0056,ROLE003,SK052,Medium,Beginner,Yes,6
MAP0057,ROLE003,SK053,Medium,Beginner,Yes,7
MAP0058,ROLE003,SK054,Medium,Beginner,Yes,8
MAP0059,ROLE003,SK055,Medium,Beginner,Yes,9
MAP0060,ROLE003,SK056,Medium,Beginner,Yes,10
MAP0061,ROLE003,SK057,Medium,Beginner,Yes,11
MAP0062,ROLE003,SK058,Medium,Beginner,Yes,12
MAP0063,ROLE003,SK059,Medium,Beginner,Yes,13
MAP0064,ROLE003,SK060,Medium,Beginner,Yes,14
MAP0065,ROLE003,SK061,Medium,Beginner,Yes,15
MAP0066,ROLE003,SK062,Low,Beginner,No,16
MAP0067,ROLE003,SK063,Low,Beginner,No,17
MAP0068,ROLE003,SK064,Low,Beginner,No,18
MAP0069,ROLE003,SK065,Low,Beginner,No,19
MAP0070,ROLE003,SK066,Low,Beginner,No,20
MAP0071,ROLE003,SK067,Low,Beginner,No,21
MAP0072,ROLE003,SK068,Low,Beginner,No,22
MAP0073,ROLE003,SK069,Low,Beginner,No,23
MAP0074,ROLE003,SK070,Low,Beginner,No,24
MAP0075,ROLE003,SK071,Low,Beginner,No,25
MAP0076,ROLE004,SK070,High,Intermediate,Yes,1
MAP0077,ROLE004,SK071,High,Intermediate,Yes,2
MAP0078,ROLE004,SK072,High,Intermediate,Yes,3
MAP0079,ROLE004,SK073,High,Intermediate,Yes,4
MAP0080,ROLE004,SK074,High,Intermediate,Yes,5
MAP0081,ROLE004,SK075,Medium,Beginner,Yes,6
MAP0082,ROLE004,SK076,Medium,Beginner,Yes,7
MAP0083,ROLE004,SK077,Medium,Beginner,Yes,8
MAP0084,ROLE004,SK078,Medium,Beginner,Yes,9
MAP0085,ROLE004,SK079,Medium,Beginner,Yes,10
MAP0086,ROLE004,SK080,Medium,Beginner,Yes,11
MAP0087,ROLE004,SK081,Medium,Beginner,Yes,12
MAP0088,ROLE004,SK082,Medium,Beginner,Yes,13
MAP0089,ROLE004,SK083,Medium,Beginner,Yes,14
MAP0090,ROLE004,SK084,Medium,Beginner,Yes,15
MAP0091,ROLE004,SK085,Low,Beginner,No,16
MAP0092,ROLE004,SK086,Low,Beginner,No,17
MAP0093,ROLE004,SK087,Low,Beginner,No,18
MAP0094,ROLE004,SK088,Low,Beginner,No,19
MAP0095,ROLE004,SK089,Low,Beginner,No,20
MAP0096,ROLE004,SK090,Low,Beginner,No,21
MAP0097,ROLE004,SK091,Low,Beginner,No,22
MAP0098,ROLE004,SK092,Low,Beginner,No,23
MAP0099,ROLE004,SK093,Low,Beginner,No,24
MAP0100,ROLE004,SK094,Low,Beginner,No,25
MAP0101,ROLE005,SK093,High,Intermediate,Yes,1
MAP0102,ROLE005,SK094,High,Intermediate,Yes,2
MAP0103,ROLE005,SK095,High,Intermediate,Yes,3
MAP0104,ROLE005,SK096,High,Intermediate,Yes,4
MAP0105,ROLE005,SK097,High,Intermediate,Yes,5
MAP0106,ROLE005,SK098,Medium,Beginner,Yes,6
MAP0107,ROLE005,SK099,Medium,Beginner,Yes,7
MAP0108,ROLE005,SK100,Medium,Beginner,Yes,8
MAP0109,ROLE005,SK101,Medium,Beginner,Yes,9
MAP0110,ROLE005,SK102,Medium,Beginner,Yes,10
MAP0111,ROLE005,SK103,Medium,Beginner,Yes,11
MAP0112,ROLE005,SK104,Medium,Beginner,Yes,12
MAP0113,ROLE005,SK105,Medium,Beginner,Yes,13
MAP0114,ROLE005,SK106,Medium,Beginner,Yes,14
MAP0115,ROLE005,SK107,Medium,Beginner,Yes,15
MAP0116,ROLE005,SK108,Low,Beginner,No,16
MAP0117,ROLE005,SK109,Low,Beginner,No,17
MAP0118,ROLE005,SK110,Low,Beginner,No,18
MAP0119,ROLE005,SK111,Low,Beginner,No,19
MAP0120,ROLE005,SK112,Low,Beginner,No,20
MAP0121,ROLE005,SK113,Low,Beginner,No,21
MAP0122,ROLE005,SK114,Low,Beginner,No,22
MAP0123,ROLE005,SK115,Low,Beginner,No,23
MAP0124,ROLE005,SK116,Low,Beginner,No,24
MAP0125,ROLE005,SK117,Low,Beginner,No,25
MAP0126,ROLE006,SK116,High,Intermediate,Yes,1
MAP0127,ROLE006,SK117,High,Intermediate,Yes,2
MAP0128,ROLE006,SK118,High,Intermediate,Yes,3
MAP0129,ROLE006,SK119,High,Intermediate,Yes,4
MAP0130,ROLE006,SK120,High,Intermediate,Yes,5
MAP0131,ROLE006,SK121,Medium,Beginner,Yes,6
MAP0132,ROLE006,SK122,Medium,Beginner,Yes,7
MAP0133,ROLE006,SK123,Medium,Beginner,Yes,8
MAP0134,ROLE006,SK124,Medium,Beginner,Yes,9
MAP0135,ROLE006,SK125,Medium,Beginner,Yes,10
MAP0136,ROLE006,SK126,Medium,Beginner,Yes,11
MAP0137,ROLE006,SK127,Medium,Beginner,Yes,12
MAP0138,ROLE006,SK128,Medium,Beginner,Yes,13
MAP0139,ROLE006,SK129,Medium,Beginner,Yes,14
MAP0140,ROLE006,SK130,Medium,Beginner,Yes,15
MAP0141,ROLE006,SK131,Low,Beginner,No,16
MAP0142,ROLE006,SK132,Low,Beginner,No,17
MAP0143,ROLE006,SK133,Low,Beginner,No,18
MAP0144,ROLE006,SK134,Low,Beginner,No,19
MAP0145,ROLE006,SK135,Low,Beginner,No,20
MAP0146,ROLE006,SK136,Low,Beginner,No,21
MAP0147,ROLE006,SK137,Low,Beginner,No,22
MAP0148,ROLE006,SK138,Low,Beginner,No,23
MAP0149,ROLE006,SK139,Low,Beginner,No,24
MAP0150,ROLE006,SK140,Low,Beginner,No,25
MAP0151,ROLE007,SK139,High,Intermediate,Yes,1
MAP0152,ROLE007,SK140,High,Intermediate,Yes,2
MAP0153,ROLE007,SK141,High,Intermediate,Yes,3
MAP0154,ROLE007,SK142,High,Intermediate,Yes,4
MAP0155,ROLE007,SK143,High,Intermediate,Yes,5
MAP0156,ROLE007,SK144,Medium,Beginner,Yes,6
MAP0157,ROLE007,SK145,Medium,Beginner,Yes,7
MAP0158,ROLE007,SK146,Medium,Beginner,Yes,8
MAP0159,ROLE007,SK147,Medium,Beginner,Yes,9
MAP0160,ROLE007,SK148,Medium,Beginner,Yes,10
MAP0161,ROLE007,SK149,Medium,Beginner,Yes,11
MAP0162,ROLE007,SK150,Medium,Beginner,Yes,12
MAP0163,ROLE007,SK151,Medium,Beginner,Yes,13
MAP0164,ROLE007,SK152,Medium,Beginner,Yes,14
MAP0165,ROLE007,SK153,Medium,Beginner,Yes,15
MAP0166,ROLE007,SK154,Low,Beginner,No,16
MAP0167,ROLE007,SK155,Low,Beginner,No,17
MAP0168,ROLE007,SK156,Low,Beginner,No,18
MAP0169,ROLE007,SK157,Low,Beginner,No,19
MAP0170,ROLE007,SK158,Low,Beginner,No,20
MAP0171,ROLE007,SK159,Low,Beginner,No,21
MAP0172,ROLE007,SK160,Low,Beginner,No,22
MAP0173,ROLE007,SK161,Low,Beginner,No,23
MAP0174,ROLE007,SK162,Low,Beginner,No,24
MAP0175,ROLE007,SK163,Low,Beginner,No,25
MAP0176,ROLE008,SK162,High,Intermediate,Yes,1
MAP0177,ROLE008,SK163,High,Intermediate,Yes,2
MAP0178,ROLE008,SK164,High,Intermediate,Yes,3
MAP0179,ROLE008,SK165,High,Intermediate,Yes,4
MAP0180,ROLE008,SK166,High,Intermediate,Yes,5
MAP0181,ROLE008,SK167,Medium,Beginner,Yes,6
MAP0182,ROLE008,SK168,Medium,Beginner,Yes,7
MAP0183,ROLE008,SK169,Medium,Beginner,Yes,8
MAP0184,ROLE008,SK170,Medium,Beginner,Yes,9
MAP0185,ROLE008,SK171,Medium,Beginner,Yes,10
MAP0186,ROLE008,SK172,Medium,Beginner,Yes,11
MAP0187,ROLE008,SK173,Medium,Beginner,Yes,12
MAP0188,ROLE008,SK174,Medium,Beginner,Yes,13
MAP0189,ROLE008,SK175,Medium,Beginner,Yes,14
MAP0190,ROLE008,SK176,Medium,Beginner,Yes,15
MAP0191,ROLE008,SK177,Low,Beginner,No,16
MAP0192,ROLE008,SK178,Low,Beginner,No,17
MAP0193,ROLE008,SK179,Low,Beginner,No,18
MAP0194,ROLE008,SK180,Low,Beginner,No,19
MAP0195,ROLE008,SK181,Low,Beginner,No,20
MAP0196,ROLE008,SK182,Low,Beginner,No,21
MAP0197,ROLE008,SK183,Low,Beginner,No,22
MAP0198,ROLE008,SK184,Low,Beginner,No,23
MAP0199,ROLE008,SK185,Low,Beginner,No,24
MAP0200,ROLE008,SK186,Low,Beginner,No,25
MAP0201,ROLE009,SK185,High,Intermediate,Yes,1
MAP0202,ROLE009,SK186,High,Intermediate,Yes,2
MAP0203,ROLE009,SK187,High,Intermediate,Yes,3
MAP0204,ROLE009,SK188,High,Intermediate,Yes,4
MAP0205,ROLE009,SK189,High,Intermediate,Yes,5
MAP0206,ROLE009,SK190,Medium,Beginner,Yes,6
MAP0207,ROLE009,SK191,Medium,Beginner,Yes,7
MAP0208,ROLE009,SK192,Medium,Beginner,Yes,8
MAP0209,ROLE009,SK193,Medium,Beginner,Yes,9
MAP0210,ROLE009,SK194,Medium,Beginner,Yes,10
MAP0211,ROLE009,SK195,Medium,Beginner,Yes,11
MAP0212,ROLE009,SK196,Medium,Beginner,Yes,12
MAP0213,ROLE009,SK197,Medium,Beginner,Yes,13
MAP0214,ROLE009,SK198,Medium,Beginner,Yes,14
MAP0215,ROLE009,SK199,Medium,Beginner,Yes,15
MAP0216,ROLE009,SK200,Low,Beginner,No,16
MAP0217,ROLE009,SK201,Low,Beginner,No,17
MAP0218,ROLE009,SK202,Low,Beginner,No,18
MAP0219,ROLE009,SK203,Low,Beginner,No,19
MAP0220,ROLE009,SK204,Low,Beginner,No,20
MAP0221,ROLE009,SK205,Low,Beginner,No,21
MAP0222,ROLE009,SK206,Low,Beginner,No,22
MAP0223,ROLE009,SK207,Low,Beginner,No,23
MAP0224,ROLE009,SK208,Low,Beginner,No,24
MAP0225,ROLE009,SK209,Low,Beginner,No,25
MAP0226,ROLE010,SK208,High,Intermediate,Yes,1
MAP0227,ROLE010,SK209,High,Intermediate,Yes,2
MAP0228,ROLE010,SK210,High,Intermediate,Yes,3
MAP0229,ROLE010,SK211,High,Intermediate,Yes,4
MAP0230,ROLE010,SK212,High,Intermediate,Yes,5
MAP0231,ROLE010,SK213,Medium,Beginner,Yes,6
MAP0232,ROLE010,SK214,Medium,Beginner,Yes,7
MAP0233,ROLE010,SK215,Medium,Beginner,Yes,8
MAP0234,ROLE010,SK216,Medium,Beginner,Yes,9
MAP0235,ROLE010,SK217,Medium,Beginner,Yes,10
MAP0236,ROLE010,SK218,Medium,Beginner,Yes,11
MAP0237,ROLE010,SK219,Medium,Beginner,Yes,12
MAP0238,ROLE010,SK220,Medium,Beginner,Yes,13
MAP0239,ROLE010,SK221,Medium,Beginner,Yes,14
MAP0240,ROLE010,SK222,Medium,Beginner,Yes,15
MAP0241,ROLE010,SK223,Low,Beginner,No,16
MAP0242,ROLE010,SK224,Low,Beginner,No,17
MAP0243,ROLE010,SK225,Low,Beginner,No,18
MAP0244,ROLE010,SK226,Low,Beginner,No,19
MAP0245,ROLE010,SK227,Low,Beginner,No,20
MAP0246,ROLE010,SK228,Low,Beginner,No,21
MAP0247,ROLE010,SK229,Low,Beginner,No,22
MAP0248,ROLE010,SK230,Low,Beginner,No,23
MAP0249,ROLE010,SK231,Low,Beginner,No,24
MAP0250,ROLE010,SK232,Low,Beginner,No,25
MAP0251,ROLE011,SK231,High,Intermediate,Yes,1
MAP0252,ROLE011,SK232,High,Intermediate,Yes,2
MAP0253,ROLE011,SK233,High,Intermediate,Yes,3
MAP0254,ROLE011,SK234,High,Intermediate,Yes,4
MAP0255,ROLE011,SK235,High,Intermediate,Yes,5
MAP0256,ROLE011,SK236,Medium,Beginner,Yes,6
MAP0257,ROLE011,SK237,Medium,Beginner,Yes,7
MAP0258,ROLE011,SK238,Medium,Beginner,Yes,8
MAP0259,ROLE011,SK239,Medium,Beginner,Yes,9
MAP0260,ROLE011,SK240,Medium,Beginner,Yes,10
MAP0261,ROLE011,SK241,Medium,Beginner,Yes,11
MAP0262,ROLE011,SK242,Medium,Beginner,Yes,12
MAP0263,ROLE011,SK243,Medium,Beginner,Yes,13
MAP0264,ROLE011,SK244,Medium,Beginner,Yes,14
MAP0265,ROLE011,SK245,Medium,Beginner,Yes,15
MAP0266,ROLE011,SK246,Low,Beginner,No,16
MAP0267,ROLE011,SK247,Low,Beginner,No,17
MAP0268,ROLE011,SK248,Low,Beginner,No,18
MAP0269,ROLE011,SK249,Low,Beginner,No,19
MAP0270,ROLE011,SK250,Low,Beginner,No,20
MAP0271,ROLE011,SK251,Low,Beginner,No,21
MAP0272,ROLE011,SK252,Low,Beginner,No,22
MAP0273,ROLE011,SK253,Low,Beginner,No,23
MAP0274,ROLE011,SK254,Low,Beginner,No,24
MAP0275,ROLE011,SK255,Low,Beginner,No,25
MAP0276,ROLE012,SK254,High,Intermediate,Yes,1
MAP0277,ROLE012,SK255,High,Intermediate,Yes,2
MAP0278,ROLE012,SK256,High,Intermediate,Yes,3
MAP0279,ROLE012,SK257,High,Intermediate,Yes,4
MAP0280,ROLE012,SK258,High,Intermediate,Yes,5
MAP0281,ROLE012,SK259,Medium,Beginner,Yes,6
MAP0282,ROLE012,SK260,Medium,Beginner,Yes,7
MAP0283,ROLE012,SK261,Medium,Beginner,Yes,8
MAP0284,ROLE012,SK262,Medium,Beginner,Yes,9
MAP0285,ROLE012,SK263,Medium,Beginner,Yes,10
MAP0286,ROLE012,SK264,Medium,Beginner,Yes,11
MAP0287,ROLE012,SK265,Medium,Beginner,Yes,12
MAP0288,ROLE012,SK266,Medium,Beginner,Yes,13
MAP0289,ROLE012,SK267,Medium,Beginner,Yes,14
MAP0290,ROLE012,SK268,Medium,Beginner,Yes,15
MAP0291,ROLE012,SK269,Low,Beginner,No,16
MAP0292,ROLE012,SK270,Low,Beginner,No,17
MAP0293,ROLE012,SK271,Low,Beginner,No,18
MAP0294,ROLE012,SK272,Low,Beginner,No,19
MAP0295,ROLE012,SK273,Low,Beginner,No,20
MAP0296,ROLE012,SK274,Low,Beginner,No,21
MAP0297,ROLE012,SK275,Low,Beginner,No,22
MAP0298,ROLE012,SK276,Low,Beginner,No,23
MAP0299,ROLE012,SK277,Low,Beginner,No,24
MAP0300,ROLE012,SK278,Low,Beginner,No,25
MAP0301,ROLE013,SK277,High,Intermediate,Yes,1
MAP0302,ROLE013,SK278,High,Intermediate,Yes,2
MAP0303,ROLE013,SK279,High,Intermediate,Yes,3
MAP0304,ROLE013,SK001,High,Intermediate,Yes,4
MAP0305,ROLE013,SK002,High,Intermediate,Yes,5
MAP0306,ROLE013,SK003,Medium,Beginner,Yes,6
MAP0307,ROLE013,SK004,Medium,Beginner,Yes,7
MAP0308,ROLE013,SK005,Medium,Beginner,Yes,8
MAP0309,ROLE013,SK006,Medium,Beginner,Yes,9
MAP0310,ROLE013,SK007,Medium,Beginner,Yes,10
MAP0311,ROLE013,SK008,Medium,Beginner,Yes,11
MAP0312,ROLE013,SK009,Medium,Beginner,Yes,12
MAP0313,ROLE013,SK010,Medium,Beginner,Yes,13
MAP0314,ROLE013,SK011,Medium,Beginner,Yes,14
MAP0315,ROLE013,SK012,Medium,Beginner,Yes,15
MAP0316,ROLE013,SK013,Low,Beginner,No,16
MAP0317,ROLE013,SK014,Low,Beginner,No,17
MAP0318,ROLE013,SK015,Low,Beginner,No,18
MAP0319,ROLE013,SK016,Low,Beginner,No,19
MAP0320,ROLE013,SK017,Low,Beginner,No,20
MAP0321,ROLE013,SK018,Low,Beginner,No,21
MAP0322,ROLE013,SK019,Low,Beginner,No,22
MAP0323,ROLE013,SK020,Low,Beginner,No,23
MAP0324,ROLE013,SK021,Low,Beginner,No,24
MAP0325,ROLE013,SK022,Low,Beginner,No,25
MAP0326,ROLE014,SK021,High,Intermediate,Yes,1
MAP0327,ROLE014,SK022,High,Intermediate,Yes,2
MAP0328,ROLE014,SK023,High,Intermediate,Yes,3
MAP0329,ROLE014,SK024,High,Intermediate,Yes,4
MAP0330,ROLE014,SK025,High,Intermediate,Yes,5
MAP0331,ROLE014,SK026,Medium,Beginner,Yes,6
MAP0332,ROLE014,SK027,Medium,Beginner,Yes,7
MAP0333,ROLE014,SK028,Medium,Beginner,Yes,8
MAP0334,ROLE014,SK029,Medium,Beginner,Yes,9
MAP0335,ROLE014,SK030,Medium,Beginner,Yes,10
MAP0336,ROLE014,SK031,Medium,Beginner,Yes,11
MAP0337,ROLE014,SK032,Medium,Beginner,Yes,12
MAP0338,ROLE014,SK033,Medium,Beginner,Yes,13
MAP0339,ROLE014,SK034,Medium,Beginner,Yes,14
MAP0340,ROLE014,SK035,Medium,Beginner,Yes,15
MAP0341,ROLE014,SK036,Low,Beginner,No,16
MAP0342,ROLE014,SK037,Low,Beginner,No,17
MAP0343,ROLE014,SK038,Low,Beginner,No,18
MAP0344,ROLE014,SK039,Low,Beginner,No,19
MAP0345,ROLE014,SK040,Low,Beginner,No,20
MAP0346,ROLE014,SK041,Low,Beginner,No,21
MAP0347,ROLE014,SK042,Low,Beginner,No,22
MAP0348,ROLE014,SK043,Low,Beginner,No,23
MAP0349,ROLE014,SK044,Low,Beginner,No,24
MAP0350,ROLE014,SK045,Low,Beginner,No,25
MAP0351,ROLE015,SK044,High,Intermediate,Yes,1
MAP0352,ROLE015,SK045,High,Intermediate,Yes,2
MAP0353,ROLE015,SK046,High,Intermediate,Yes,3
MAP0354,ROLE015,SK047,High,Intermediate,Yes,4
MAP0355,ROLE015,SK048,High,Intermediate,Yes,5
MAP0356,ROLE015,SK049,Medium,Beginner,Yes,6
MAP0357,ROLE015,SK050,Medium,Beginner,Yes,7
MAP0358,ROLE015,SK051,Medium,Beginner,Yes,8
MAP0359,ROLE015,SK052,Medium,Beginner,Yes,9
MAP0360,ROLE015,SK053,Medium,Beginner,Yes,10
MAP0361,ROLE015,SK054,Medium,Beginner,Yes,11
MAP0362,ROLE015,SK055,Medium,Beginner,Yes,12
MAP0363,ROLE015,SK056,Medium,Beginner,Yes,13
MAP0364,ROLE015,SK057,Medium,Beginner,Yes,14
MAP0365,ROLE015,SK058,Medium,Beginner,Yes,15
MAP0366,ROLE015,SK059,Low,Beginner,No,16
MAP0367,ROLE015,SK060,Low,Beginner,No,17
MAP0368,ROLE015,SK061,Low,Beginner,No,18
MAP0369,ROLE015,SK062,Low,Beginner,No,19
MAP0370,ROLE015,SK063,Low,Beginner,No,20
MAP0371,ROLE015,SK064,Low,Beginner,No,21
MAP0372,ROLE015,SK065,Low,Beginner,No,22
MAP0373,ROLE015,SK066,Low,Beginner,No,23
MAP0374,ROLE015,SK067,Low,Beginner,No,24
MAP0375,ROLE015,SK068,Low,Beginner,No,25
MAP0376,ROLE016,SK067,High,Intermediate,Yes,1
MAP0377,ROLE016,SK068,High,Intermediate,Yes,2
MAP0378,ROLE016,SK069,High,Intermediate,Yes,3
MAP0379,ROLE016,SK070,High,Intermediate,Yes,4
MAP0380,ROLE016,SK071,High,Intermediate,Yes,5
MAP0381,ROLE016,SK072,Medium,Beginner,Yes,6
MAP0382,ROLE016,SK073,Medium,Beginner,Yes,7
MAP0383,ROLE016,SK074,Medium,Beginner,Yes,8
MAP0384,ROLE016,SK075,Medium,Beginner,Yes,9
MAP0385,ROLE016,SK076,Medium,Beginner,Yes,10
MAP0386,ROLE016,SK077,Medium,Beginner,Yes,11
MAP0387,ROLE016,SK078,Medium,Beginner,Yes,12
MAP0388,ROLE016,SK079,Medium,Beginner,Yes,13
MAP0389,ROLE016,SK080,Medium,Beginner,Yes,14
MAP0390,ROLE016,SK081,Medium,Beginner,Yes,15
MAP0391,ROLE016,SK082,Low,Beginner,No,16
MAP0392,ROLE016,SK083,Low,Beginner,No,17
MAP0393,ROLE016,SK084,Low,Beginner,No,18
MAP0394,ROLE016,SK085,Low,Beginner,No,19
MAP0395,ROLE016,SK086,Low,Beginner,No,20
MAP0396,ROLE016,SK087,Low,Beginner,No,21
MAP0397,ROLE016,SK088,Low,Beginner,No,22
MAP0398,ROLE016,SK089,Low,Beginner,No,23
MAP0399,ROLE016,SK090,Low,Beginner,No,24
MAP0400,ROLE016,SK091,Low,Beginner,No,25
MAP0401,ROLE017,SK090,High,Intermediate,Yes,1
MAP0402,ROLE017,SK091,High,Intermediate,Yes,2
MAP0403,ROLE017,SK092,High,Intermediate,Yes,3
MAP0404,ROLE017,SK093,High,Intermediate,Yes,4
MAP0405,ROLE017,SK094,High,Intermediate,Yes,5
MAP0406,ROLE017,SK095,Medium,Beginner,Yes,6
MAP0407,ROLE017,SK096,Medium,Beginner,Yes,7
MAP0408,ROLE017,SK097,Medium,Beginner,Yes,8
MAP0409,ROLE017,SK098,Medium,Beginner,Yes,9
MAP0410,ROLE017,SK099,Medium,Beginner,Yes,10
MAP0411,ROLE017,SK100,Medium,Beginner,Yes,11
MAP0412,ROLE017,SK101,Medium,Beginner,Yes,12
MAP0413,ROLE017,SK102,Medium,Beginner,Yes,13
MAP0414,ROLE017,SK103,Medium,Beginner,Yes,14
MAP0415,ROLE017,SK104,Medium,Beginner,Yes,15
MAP0416,ROLE017,SK105,Low,Beginner,No,16
MAP0417,ROLE017,SK106,Low,Beginner,No,17
MAP0418,ROLE017,SK107,Low,Beginner,No,18
MAP0419,ROLE017,SK108,Low,Beginner,No,19
MAP0420,ROLE017,SK109,Low,Beginner,No,20
MAP0421,ROLE017,SK110,Low,Beginner,No,21
MAP0422,ROLE017,SK111,Low,Beginner,No,22
MAP0423,ROLE017,SK112,Low,Beginner,No,23
MAP0424,ROLE017,SK113,Low,Beginner,No,24
MAP0425,ROLE017,SK114,Low,Beginner,No,25
MAP0426,ROLE018,SK113,High,Intermediate,Yes,1
MAP0427,ROLE018,SK114,High,Intermediate,Yes,2
MAP0428,ROLE018,SK115,High,Intermediate,Yes,3
MAP0429,ROLE018,SK116,High,Intermediate,Yes,4
MAP0430,ROLE018,SK117,High,Intermediate,Yes,5
MAP0431,ROLE018,SK118,Medium,Beginner,Yes,6
MAP0432,ROLE018,SK119,Medium,Beginner,Yes,7
MAP0433,ROLE018,SK120,Medium,Beginner,Yes,8
MAP0434,ROLE018,SK121,Medium,Beginner,Yes,9
MAP0435,ROLE018,SK122,Medium,Beginner,Yes,10
MAP0436,ROLE018,SK123,Medium,Beginner,Yes,11
MAP0437,ROLE018,SK124,Medium,Beginner,Yes,12
MAP0438,ROLE018,SK125,Medium,Beginner,Yes,13
MAP0439,ROLE018,SK126,Medium,Beginner,Yes,14
MAP0440,ROLE018,SK127,Medium,Beginner,Yes,15
MAP0441,ROLE018,SK128,Low,Beginner,No,16
MAP0442,ROLE018,SK129,Low,Beginner,No,17
MAP0443,ROLE018,SK130,Low,Beginner,No,18
MAP0444,ROLE018,SK131,Low,Beginner,No,19
MAP0445,ROLE018,SK132,Low,Beginner,No,20
MAP0446,ROLE018,SK133,Low,Beginner,No,21
MAP0447,ROLE018,SK134,Low,Beginner,No,22
MAP0448,ROLE018,SK135,Low,Beginner,No,23
MAP0449,ROLE018,SK136,Low,Beginner,No,24
MAP0450,ROLE018,SK137,Low,Beginner,No,25
MAP0451,ROLE019,SK136,High,Intermediate,Yes,1
MAP0452,ROLE019,SK137,High,Intermediate,Yes,2
MAP0453,ROLE019,SK138,High,Intermediate,Yes,3
MAP0454,ROLE019,SK139,High,Intermediate,Yes,4
MAP0455,ROLE019,SK140,High,Intermediate,Yes,5
MAP0456,ROLE019,SK141,Medium,Beginner,Yes,6
MAP0457,ROLE019,SK142,Medium,Beginner,Yes,7
MAP0458,ROLE019,SK143,Medium,Beginner,Yes,8
MAP0459,ROLE019,SK144,Medium,Beginner,Yes,9
MAP0460,ROLE019,SK145,Medium,Beginner,Yes,10
MAP0461,ROLE019,SK146,Medium,Beginner,Yes,11
MAP0462,ROLE019,SK147,Medium,Beginner,Yes,12
MAP0463,ROLE019,SK148,Medium,Beginner,Yes,13
MAP0464,ROLE019,SK149,Medium,Beginner,Yes,14
MAP0465,ROLE019,SK150,Medium,Beginner,Yes,15
MAP0466,ROLE019,SK151,Low,Beginner,No,16
MAP0467,ROLE019,SK152,Low,Beginner,No,17
MAP0468,ROLE019,SK153,Low,Beginner,No,18
MAP0469,ROLE019,SK154,Low,Beginner,No,19
MAP0470,ROLE019,SK155,Low,Beginner,No,20
MAP0471,ROLE019,SK156,Low,Beginner,No,21
MAP0472,ROLE019,SK157,Low,Beginner,No,22
MAP0473,ROLE019,SK158,Low,Beginner,No,23
MAP0474,ROLE019,SK159,Low,Beginner,No,24
MAP0475,ROLE019,SK160,Low,Beginner,No,25
MAP0476,ROLE020,SK159,High,Intermediate,Yes,1
MAP0477,ROLE020,SK160,High,Intermediate,Yes,2
MAP0478,ROLE020,SK161,High,Intermediate,Yes,3
MAP0479,ROLE020,SK162,High,Intermediate,Yes,4
MAP0480,ROLE020,SK163,High,Intermediate,Yes,5
MAP0481,ROLE020,SK164,Medium,Beginner,Yes,6
MAP0482,ROLE020,SK165,Medium,Beginner,Yes,7
MAP0483,ROLE020,SK166,Medium,Beginner,Yes,8
MAP0484,ROLE020,SK167,Medium,Beginner,Yes,9
MAP0485,ROLE020,SK168,Medium,Beginner,Yes,10
MAP0486,ROLE020,SK169,Medium,Beginner,Yes,11
MAP0487,ROLE020,SK170,Medium,Beginner,Yes,12
MAP0488,ROLE020,SK171,Medium,Beginner,Yes,13
MAP0489,ROLE020,SK172,Medium,Beginner,Yes,14
MAP0490,ROLE020,SK173,Medium,Beginner,Yes,15
MAP0491,ROLE020,SK174,Low,Beginner,No,16
MAP0492,ROLE020,SK175,Low,Beginner,No,17
MAP0493,ROLE020,SK176,Low,Beginner,No,18
MAP0494,ROLE020,SK177,Low,Beginner,No,19
MAP0495,ROLE020,SK178,Low,Beginner,No,20
MAP0496,ROLE020,SK179,Low,Beginner,No,21
MAP0497,ROLE020,SK180,Low,Beginner,No,22
MAP0498,ROLE020,SK181,Low,Beginner,No,23
MAP0499,ROLE020,SK182,Low,Beginner,No,24
MAP0500,ROLE020,SK183,Low,Beginner,No,25
MAP0501,ROLE021,SK182,High,Intermediate,Yes,1
MAP0502,ROLE021,SK183,High,Intermediate,Yes,2
MAP0503,ROLE021,SK184,High,Intermediate,Yes,3
MAP0504,ROLE021,SK185,High,Intermediate,Yes,4
MAP0505,ROLE021,SK186,High,Intermediate,Yes,5
MAP0506,ROLE021,SK187,Medium,Beginner,Yes,6
MAP0507,ROLE021,SK188,Medium,Beginner,Yes,7
MAP0508,ROLE021,SK189,Medium,Beginner,Yes,8
MAP0509,ROLE021,SK190,Medium,Beginner,Yes,9
MAP0510,ROLE021,SK191,Medium,Beginner,Yes,10
MAP0511,ROLE021,SK192,Medium,Beginner,Yes,11
MAP0512,ROLE021,SK193,Medium,Beginner,Yes,12
MAP0513,ROLE021,SK194,Medium,Beginner,Yes,13
MAP0514,ROLE021,SK195,Medium,Beginner,Yes,14
MAP0515,ROLE021,SK196,Medium,Beginner,Yes,15
MAP0516,ROLE021,SK197,Low,Beginner,No,16
MAP0517,ROLE021,SK198,Low,Beginner,No,17
MAP0518,ROLE021,SK199,Low,Beginner,No,18
MAP0519,ROLE021,SK200,Low,Beginner,No,19
MAP0520,ROLE021,SK201,Low,Beginner,No,20
MAP0521,ROLE021,SK202,Low,Beginner,No,21
MAP0522,ROLE021,SK203,Low,Beginner,No,22
MAP0523,ROLE021,SK204,Low,Beginner,No,23
MAP0524,ROLE021,SK205,Low,Beginner,No,24
MAP0525,ROLE021,SK206,Low,Beginner,No,25
MAP0526,ROLE022,SK205,High,Intermediate,Yes,1
MAP0527,ROLE022,SK206,High,Intermediate,Yes,2
MAP0528,ROLE022,SK207,High,Intermediate,Yes,3
MAP0529,ROLE022,SK208,High,Intermediate,Yes,4
MAP0530,ROLE022,SK209,High,Intermediate,Yes,5
MAP0531,ROLE022,SK210,Medium,Beginner,Yes,6
MAP0532,ROLE022,SK211,Medium,Beginner,Yes,7
MAP0533,ROLE022,SK212,Medium,Beginner,Yes,8
MAP0534,ROLE022,SK213,Medium,Beginner,Yes,9
MAP0535,ROLE022,SK214,Medium,Beginner,Yes,10
MAP0536,ROLE022,SK215,Medium,Beginner,Yes,11
MAP0537,ROLE022,SK216,Medium,Beginner,Yes,12
MAP0538,ROLE022,SK217,Medium,Beginner,Yes,13
MAP0539,ROLE022,SK218,Medium,Beginner,Yes,14
MAP0540,ROLE022,SK219,Medium,Beginner,Yes,15
MAP0541,ROLE022,SK220,Low,Beginner,No,16
MAP0542,ROLE022,SK221,Low,Beginner,No,17
MAP0543,ROLE022,SK222,Low,Beginner,No,18
MAP0544,ROLE022,SK223,Low,Beginner,No,19
MAP0545,ROLE022,SK224,Low,Beginner,No,20
MAP0546,ROLE022,SK225,Low,Beginner,No,21
MAP0547,ROLE022,SK226,Low,Beginner,No,22
MAP0548,ROLE022,SK227,Low,Beginner,No,23
MAP0549,ROLE022,SK228,Low,Beginner,No,24
MAP0550,ROLE022,SK229,Low,Beginner,No,25
MAP0551,ROLE023,SK228,High,Intermediate,Yes,1
MAP0552,ROLE023,SK229,High,Intermediate,Yes,2
MAP0553,ROLE023,SK230,High,Intermediate,Yes,3
MAP0554,ROLE023,SK231,High,Intermediate,Yes,4
MAP0555,ROLE023,SK232,High,Intermediate,Yes,5
MAP0556,ROLE023,SK233,Medium,Beginner,Yes,6
MAP0557,ROLE023,SK234,Medium,Beginner,Yes,7
MAP0558,ROLE023,SK235,Medium,Beginner,Yes,8
MAP0559,ROLE023,SK236,Medium,Beginner,Yes,9
MAP0560,ROLE023,SK237,Medium,Beginner,Yes,10
MAP0561,ROLE023,SK238,Medium,Beginner,Yes,11
MAP0562,ROLE023,SK239,Medium,Beginner,Yes,12
MAP0563,ROLE023,SK240,Medium,Beginner,Yes,13
MAP0564,ROLE023,SK241,Medium,Beginner,Yes,14
MAP0565,ROLE023,SK242,Medium,Beginner,Yes,15
MAP0566,ROLE023,SK243,Low,Beginner,No,16
MAP0567,ROLE023,SK244,Low,Beginner,No,17
MAP0568,ROLE023,SK245,Low,Beginner,No,18
MAP0569,ROLE023,SK246,Low,Beginner,No,19
MAP0570,ROLE023,SK247,Low,Beginner,No,20
MAP0571,ROLE023,SK248,Low,Beginner,No,21
MAP0572,ROLE023,SK249,Low,Beginner,No,22
MAP0573,ROLE023,SK250,Low,Beginner,No,23
MAP0574,ROLE023,SK251,Low,Beginner,No,24
MAP0575,ROLE023,SK252,Low,Beginner,No,25
MAP0576,ROLE024,SK251,High,Intermediate,Yes,1
MAP0577,ROLE024,SK252,High,Intermediate,Yes,2
MAP0578,ROLE024,SK253,High,Intermediate,Yes,3
MAP0579,ROLE024,SK254,High,Intermediate,Yes,4
MAP0580,ROLE024,SK255,High,Intermediate,Yes,5
MAP0581,ROLE024,SK256,Medium,Beginner,Yes,6
MAP0582,ROLE024,SK257,Medium,Beginner,Yes,7
MAP0583,ROLE024,SK258,Medium,Beginner,Yes,8
MAP0584,ROLE024,SK259,Medium,Beginner,Yes,9
MAP0585,ROLE024,SK260,Medium,Beginner,Yes,10
MAP0586,ROLE024,SK261,Medium,Beginner,Yes,11
MAP0587,ROLE024,SK262,Medium,Beginner,Yes,12
MAP0588,ROLE024,SK263,Medium,Beginner,Yes,13
MAP0589,ROLE024,SK264,Medium,Beginner,Yes,14
MAP0590,ROLE024,SK265,Medium,Beginner,Yes,15
MAP0591,ROLE024,SK266,Low,Beginner,No,16
MAP0592,ROLE024,SK267,Low,Beginner,No,17
MAP0593,ROLE024,SK268,Low,Beginner,No,18
MAP0594,ROLE024,SK269,Low,Beginner,No,19
MAP0595,ROLE024,SK270,Low,Beginner,No,20
MAP0596,ROLE024,SK271,Low,Beginner,No,21
MAP0597,ROLE024,SK272,Low,Beginner,No,22
MAP0598,ROLE024,SK273,Low,Beginner,No,23
MAP0599,ROLE024,SK274,Low,Beginner,No,24
MAP0600,ROLE024,SK275,Low,Beginner,No,25
MAP0601,ROLE025,SK274,High,Intermediate,Yes,1
MAP0602,ROLE025,SK275,High,Intermediate,Yes,2
MAP0603,ROLE025,SK276,High,Intermediate,Yes,3
MAP0604,ROLE025,SK277,High,Intermediate,Yes,4
MAP0605,ROLE025,SK278,High,Intermediate,Yes,5
MAP0606,ROLE025,SK279,Medium,Beginner,Yes,6
MAP0607,ROLE025,SK001,Medium,Beginner,Yes,7
MAP0608,ROLE025,SK002,Medium,Beginner,Yes,8
MAP0609,ROLE025,SK003,Medium,Beginner,Yes,9
MAP0610,ROLE025,SK004,Medium,Beginner,Yes,10
MAP0611,ROLE025,SK005,Medium,Beginner,Yes,11
MAP0612,ROLE025,SK006,Medium,Beginner,Yes,12
MAP0613,ROLE025,SK007,Medium,Beginner,Yes,13
MAP0614,ROLE025,SK008,Medium,Beginner,Yes,14
MAP0615,ROLE025,SK009,Medium,Beginner,Yes,15
MAP0616,ROLE025,SK010,Low,Beginner,No,16
MAP0617,ROLE025,SK011,Low,Beginner,No,17
MAP0618,ROLE025,SK012,Low,Beginner,No,18
MAP0619,ROLE025,SK013,Low,Beginner,No,19
MAP0620,ROLE025,SK014,Low,Beginner,No,20
MAP0621,ROLE025,SK015,Low,Beginner,No,21
MAP0622,ROLE025,SK016,Low,Beginner,No,22
MAP0623,ROLE025,SK017,Low,Beginner,No,23
MAP0624,ROLE025,SK018,Low,Beginner,No,24
MAP0625,ROLE025,SK019,Low,Beginner,No,25
MAP0626,ROLE026,SK018,High,Intermediate,Yes,1
MAP0627,ROLE026,SK019,High,Intermediate,Yes,2
MAP0628,ROLE026,SK020,High,Intermediate,Yes,3
MAP0629,ROLE026,SK021,High,Intermediate,Yes,4
MAP0630,ROLE026,SK022,High,Intermediate,Yes,5
MAP0631,ROLE026,SK023,Medium,Beginner,Yes,6
MAP0632,ROLE026,SK024,Medium,Beginner,Yes,7
MAP0633,ROLE026,SK025,Medium,Beginner,Yes,8
MAP0634,ROLE026,SK026,Medium,Beginner,Yes,9
MAP0635,ROLE026,SK027,Medium,Beginner,Yes,10
MAP0636,ROLE026,SK028,Medium,Beginner,Yes,11
MAP0637,ROLE026,SK029,Medium,Beginner,Yes,12
MAP0638,ROLE026,SK030,Medium,Beginner,Yes,13
MAP0639,ROLE026,SK031,Medium,Beginner,Yes,14
MAP0640,ROLE026,SK032,Medium,Beginner,Yes,15
MAP0641,ROLE026,SK033,Low,Beginner,No,16
MAP0642,ROLE026,SK034,Low,Beginner,No,17
MAP0643,ROLE026,SK035,Low,Beginner,No,18
MAP0644,ROLE026,SK036,Low,Beginner,No,19
MAP0645,ROLE026,SK037,Low,Beginner,No,20
MAP0646,ROLE026,SK038,Low,Beginner,No,21
MAP0647,ROLE026,SK039,Low,Beginner,No,22
MAP0648,ROLE026,SK040,Low,Beginner,No,23
MAP0649,ROLE026,SK041,Low,Beginner,No,24
MAP0650,ROLE026,SK042,Low,Beginner,No,25
MAP0651,ROLE027,SK041,High,Intermediate,Yes,1
MAP0652,ROLE027,SK042,High,Intermediate,Yes,2
MAP0653,ROLE027,SK043,High,Intermediate,Yes,3
MAP0654,ROLE027,SK044,High,Intermediate,Yes,4
MAP0655,ROLE027,SK045,High,Intermediate,Yes,5
MAP0656,ROLE027,SK046,Medium,Beginner,Yes,6
MAP0657,ROLE027,SK047,Medium,Beginner,Yes,7
MAP0658,ROLE027,SK048,Medium,Beginner,Yes,8
MAP0659,ROLE027,SK049,Medium,Beginner,Yes,9
MAP0660,ROLE027,SK050,Medium,Beginner,Yes,10
MAP0661,ROLE027,SK051,Medium,Beginner,Yes,11
MAP0662,ROLE027,SK052,Medium,Beginner,Yes,12
MAP0663,ROLE027,SK053,Medium,Beginner,Yes,13
MAP0664,ROLE027,SK054,Medium,Beginner,Yes,14
MAP0665,ROLE027,SK055,Medium,Beginner,Yes,15
MAP0666,ROLE027,SK056,Low,Beginner,No,16
MAP0667,ROLE027,SK057,Low,Beginner,No,17
MAP0668,ROLE027,SK058,Low,Beginner,No,18
MAP0669,ROLE027,SK059,Low,Beginner,No,19
MAP0670,ROLE027,SK060,Low,Beginner,No,20
MAP0671,ROLE027,SK061,Low,Beginner,No,21
MAP0672,ROLE027,SK062,Low,Beginner,No,22
MAP0673,ROLE027,SK063,Low,Beginner,No,23
MAP0674,ROLE027,SK064,Low,Beginner,No,24
MAP0675,ROLE027,SK065,Low,Beginner,No,25
MAP0676,ROLE028,SK064,High,Intermediate,Yes,1
MAP0677,ROLE028,SK065,High,Intermediate,Yes,2
MAP0678,ROLE028,SK066,High,Intermediate,Yes,3
MAP0679,ROLE028,SK067,High,Intermediate,Yes,4
MAP0680,ROLE028,SK068,High,Intermediate,Yes,5
MAP0681,ROLE028,SK069,Medium,Beginner,Yes,6
MAP0682,ROLE028,SK070,Medium,Beginner,Yes,7
MAP0683,ROLE028,SK071,Medium,Beginner,Yes,8
MAP0684,ROLE028,SK072,Medium,Beginner,Yes,9
MAP0685,ROLE028,SK073,Medium,Beginner,Yes,10
MAP0686,ROLE028,SK074,Medium,Beginner,Yes,11
MAP0687,ROLE028,SK075,Medium,Beginner,Yes,12
MAP0688,ROLE028,SK076,Medium,Beginner,Yes,13
MAP0689,ROLE028,SK077,Medium,Beginner,Yes,14
MAP0690,ROLE028,SK078,Medium,Beginner,Yes,15
MAP0691,ROLE028,SK079,Low,Beginner,No,16
MAP0692,ROLE028,SK080,Low,Beginner,No,17
MAP0693,ROLE028,SK081,Low,Beginner,No,18
MAP0694,ROLE028,SK082,Low,Beginner,No,19
MAP0695,ROLE028,SK083,Low,Beginner,No,20
MAP0696,ROLE028,SK084,Low,Beginner,No,21
MAP0697,ROLE028,SK085,Low,Beginner,No,22
MAP0698,ROLE028,SK086,Low,Beginner,No,23
MAP0699,ROLE028,SK087,Low,Beginner,No,24
MAP0700,ROLE028,SK088,Low,Beginner,No,25
MAP0701,ROLE029,SK087,High,Intermediate,Yes,1
MAP0702,ROLE029,SK088,High,Intermediate,Yes,2
MAP0703,ROLE029,SK089,High,Intermediate,Yes,3
MAP0704,ROLE029,SK090,High,Intermediate,Yes,4
MAP0705,ROLE029,SK091,High,Intermediate,Yes,5
MAP0706,ROLE029,SK092,Medium,Beginner,Yes,6
MAP0707,ROLE029,SK093,Medium,Beginner,Yes,7
MAP0708,ROLE029,SK094,Medium,Beginner,Yes,8
MAP0709,ROLE029,SK095,Medium,Beginner,Yes,9
MAP0710,ROLE029,SK096,Medium,Beginner,Yes,10
MAP0711,ROLE029,SK097,Medium,Beginner,Yes,11
MAP0712,ROLE029,SK098,Medium,Beginner,Yes,12
MAP0713,ROLE029,SK099,Medium,Beginner,Yes,13
MAP0714,ROLE029,SK100,Medium,Beginner,Yes,14
MAP0715,ROLE029,SK101,Medium,Beginner,Yes,15
MAP0716,ROLE029,SK102,Low,Beginner,No,16
MAP0717,ROLE029,SK103,Low,Beginner,No,17
MAP0718,ROLE029,SK104,Low,Beginner,No,18
MAP0719,ROLE029,SK105,Low,Beginner,No,19
MAP0720,ROLE029,SK106,Low,Beginner,No,20
MAP0721,ROLE029,SK107,Low,Beginner,No,21
MAP0722,ROLE029,SK108,Low,Beginner,No,22
MAP0723,ROLE029,SK109,Low,Beginner,No,23
MAP0724,ROLE029,SK110,Low,Beginner,No,24
MAP0725,ROLE029,SK111,Low,Beginner,No,25
MAP0726,ROLE030,SK110,High,Intermediate,Yes,1
MAP0727,ROLE030,SK111,High,Intermediate,Yes,2
MAP0728,ROLE030,SK112,High,Intermediate,Yes,3
MAP0729,ROLE030,SK113,High,Intermediate,Yes,4
MAP0730,ROLE030,SK114,High,Intermediate,Yes,5
MAP0731,ROLE030,SK115,Medium,Beginner,Yes,6
MAP0732,ROLE030,SK116,Medium,Beginner,Yes,7
MAP0733,ROLE030,SK117,Medium,Beginner,Yes,8
MAP0734,ROLE030,SK118,Medium,Beginner,Yes,9
MAP0735,ROLE030,SK119,Medium,Beginner,Yes,10
MAP0736,ROLE030,SK120,Medium,Beginner,Yes,11
MAP0737,ROLE030,SK121,Medium,Beginner,Yes,12
MAP0738,ROLE030,SK122,Medium,Beginner,Yes,13
MAP0739,ROLE030,SK123,Medium,Beginner,Yes,14
MAP0740,ROLE030,SK124,Medium,Beginner,Yes,15
MAP0741,ROLE030,SK125,Low,Beginner,No,16
MAP0742,ROLE030,SK126,Low,Beginner,No,17
MAP0743,ROLE030,SK127,Low,Beginner,No,18
MAP0744,ROLE030,SK128,Low,Beginner,No,19
MAP0745,ROLE030,SK129,Low,Beginner,No,20
MAP0746,ROLE030,SK130,Low,Beginner,No,21
MAP0747,ROLE030,SK131,Low,Beginner,No,22
MAP0748,ROLE030,SK132,Low,Beginner,No,23
MAP0749,ROLE030,SK133,Low,Beginner,No,24
MAP0750,ROLE030,SK134,Low,Beginner,No,25
MAP0751,ROLE031,SK133,High,Intermediate,Yes,1
MAP0752,ROLE031,SK134,High,Intermediate,Yes,2
MAP0753,ROLE031,SK135,High,Intermediate,Yes,3
MAP0754,ROLE031,SK136,High,Intermediate,Yes,4
MAP0755,ROLE031,SK137,High,Intermediate,Yes,5
MAP0756,ROLE031,SK138,Medium,Beginner,Yes,6
MAP0757,ROLE031,SK139,Medium,Beginner,Yes,7
MAP0758,ROLE031,SK140,Medium,Beginner,Yes,8
MAP0759,ROLE031,SK141,Medium,Beginner,Yes,9
MAP0760,ROLE031,SK142,Medium,Beginner,Yes,10
MAP0761,ROLE031,SK143,Medium,Beginner,Yes,11
MAP0762,ROLE031,SK144,Medium,Beginner,Yes,12
MAP0763,ROLE031,SK145,Medium,Beginner,Yes,13
MAP0764,ROLE031,SK146,Medium,Beginner,Yes,14
MAP0765,ROLE031,SK147,Medium,Beginner,Yes,15
MAP0766,ROLE031,SK148,Low,Beginner,No,16
MAP0767,ROLE031,SK149,Low,Beginner,No,17
MAP0768,ROLE031,SK150,Low,Beginner,No,18
MAP0769,ROLE031,SK151,Low,Beginner,No,19
MAP0770,ROLE031,SK152,Low,Beginner,No,20
MAP0771,ROLE031,SK153,Low,Beginner,No,21
MAP0772,ROLE031,SK154,Low,Beginner,No,22
MAP0773,ROLE031,SK155,Low,Beginner,No,23
MAP0774,ROLE031,SK156,Low,Beginner,No,24
MAP0775,ROLE031,SK157,Low,Beginner,No,25
MAP0776,ROLE032,SK156,High,Intermediate,Yes,1
MAP0777,ROLE032,SK157,High,Intermediate,Yes,2
MAP0778,ROLE032,SK158,High,Intermediate,Yes,3
MAP0779,ROLE032,SK159,High,Intermediate,Yes,4
MAP0780,ROLE032,SK160,High,Intermediate,Yes,5
MAP0781,ROLE032,SK161,Medium,Beginner,Yes,6
MAP0782,ROLE032,SK162,Medium,Beginner,Yes,7
MAP0783,ROLE032,SK163,Medium,Beginner,Yes,8
MAP0784,ROLE032,SK164,Medium,Beginner,Yes,9
MAP0785,ROLE032,SK165,Medium,Beginner,Yes,10
MAP0786,ROLE032,SK166,Medium,Beginner,Yes,11
MAP0787,ROLE032,SK167,Medium,Beginner,Yes,12
MAP0788,ROLE032,SK168,Medium,Beginner,Yes,13
MAP0789,ROLE032,SK169,Medium,Beginner,Yes,14
MAP0790,ROLE032,SK170,Medium,Beginner,Yes,15
MAP0791,ROLE032,SK171,Low,Beginner,No,16
MAP0792,ROLE032,SK172,Low,Beginner,No,17
MAP0793,ROLE032,SK173,Low,Beginner,No,18
MAP0794,ROLE032,SK174,Low,Beginner,No,19
MAP0795,ROLE032,SK175,Low,Beginner,No,20
MAP0796,ROLE032,SK176,Low,Beginner,No,21
MAP0797,ROLE032,SK177,Low,Beginner,No,22
MAP0798,ROLE032,SK178,Low,Beginner,No,23
MAP0799,ROLE032,SK179,Low,Beginner,No,24
MAP0800,ROLE032,SK180,Low,Beginner,No,25
MAP0801,ROLE033,SK179,High,Intermediate,Yes,1
MAP0802,ROLE033,SK180,High,Intermediate,Yes,2
MAP0803,ROLE033,SK181,High,Intermediate,Yes,3
MAP0804,ROLE033,SK182,High,Intermediate,Yes,4
MAP0805,ROLE033,SK183,High,Intermediate,Yes,5
MAP0806,ROLE033,SK184,Medium,Beginner,Yes,6
MAP0807,ROLE033,SK185,Medium,Beginner,Yes,7
MAP0808,ROLE033,SK186,Medium,Beginner,Yes,8
MAP0809,ROLE033,SK187,Medium,Beginner,Yes,9
MAP0810,ROLE033,SK188,Medium,Beginner,Yes,10
MAP0811,ROLE033,SK189,Medium,Beginner,Yes,11
MAP0812,ROLE033,SK190,Medium,Beginner,Yes,12
MAP0813,ROLE033,SK191,Medium,Beginner,Yes,13
MAP0814,ROLE033,SK192,Medium,Beginner,Yes,14
MAP0815,ROLE033,SK193,Medium,Beginner,Yes,15
MAP0816,ROLE033,SK194,Low,Beginner,No,16
MAP0817,ROLE033,SK195,Low,Beginner,No,17
MAP0818,ROLE033,SK196,Low,Beginner,No,18
MAP0819,ROLE033,SK197,Low,Beginner,No,19
MAP0820,ROLE033,SK198,Low,Beginner,No,20
MAP0821,ROLE033,SK199,Low,Beginner,No,21
MAP0822,ROLE033,SK200,Low,Beginner,No,22
MAP0823,ROLE033,SK201,Low,Beginner,No,23
MAP0824,ROLE033,SK202,Low,Beginner,No,24
MAP0825,ROLE033,SK203,Low,Beginner,No,25
MAP0826,ROLE034,SK202,High,Intermediate,Yes,1
MAP0827,ROLE034,SK203,High,Intermediate,Yes,2
MAP0828,ROLE034,SK204,High,Intermediate,Yes,3
MAP0829,ROLE034,SK205,High,Intermediate,Yes,4
MAP0830,ROLE034,SK206,High,Intermediate,Yes,5
MAP0831,ROLE034,SK207,Medium,Beginner,Yes,6
MAP0832,ROLE034,SK208,Medium,Beginner,Yes,7
MAP0833,ROLE034,SK209,Medium,Beginner,Yes,8
MAP0834,ROLE034,SK210,Medium,Beginner,Yes,9
MAP0835,ROLE034,SK211,Medium,Beginner,Yes,10
MAP0836,ROLE034,SK212,Medium,Beginner,Yes,11
MAP0837,ROLE034,SK213,Medium,Beginner,Yes,12
MAP0838,ROLE034,SK214,Medium,Beginner,Yes,13
MAP0839,ROLE034,SK215,Medium,Beginner,Yes,14
MAP0840,ROLE034,SK216,Medium,Beginner,Yes,15
MAP0841,ROLE034,SK217,Low,Beginner,No,16
MAP0842,ROLE034,SK218,Low,Beginner,No,17
MAP0843,ROLE034,SK219,Low,Beginner,No,18
MAP0844,ROLE034,SK220,Low,Beginner,No,19
MAP0845,ROLE034,SK221,Low,Beginner,No,20
MAP0846,ROLE034,SK222,Low,Beginner,No,21
MAP0847,ROLE034,SK223,Low,Beginner,No,22
MAP0848,ROLE034,SK224,Low,Beginner,No,23
MAP0849,ROLE034,SK225,Low,Beginner,No,24
MAP0850,ROLE034,SK226,Low,Beginner,No,25
MAP0851,ROLE035,SK225,High,Intermediate,Yes,1
MAP0852,ROLE035,SK226,High,Intermediate,Yes,2
MAP0853,ROLE035,SK227,High,Intermediate,Yes,3
MAP0854,ROLE035,SK228,High,Intermediate,Yes,4
MAP0855,ROLE035,SK229,High,Intermediate,Yes,5
MAP0856,ROLE035,SK230,Medium,Beginner,Yes,6
MAP0857,ROLE035,SK231,Medium,Beginner,Yes,7
MAP0858,ROLE035,SK232,Medium,Beginner,Yes,8
MAP0859,ROLE035,SK233,Medium,Beginner,Yes,9
MAP0860,ROLE035,SK234,Medium,Beginner,Yes,10
MAP0861,ROLE035,SK235,Medium,Beginner,Yes,11
MAP0862,ROLE035,SK236,Medium,Beginner,Yes,12
MAP0863,ROLE035,SK237,Medium,Beginner,Yes,13
MAP0864,ROLE035,SK238,Medium,Beginner,Yes,14
MAP0865,ROLE035,SK239,Medium,Beginner,Yes,15
MAP0866,ROLE035,SK240,Low,Beginner,No,16
MAP0867,ROLE035,SK241,Low,Beginner,No,17
MAP0868,ROLE035,SK242,Low,Beginner,No,18
MAP0869,ROLE035,SK243,Low,Beginner,No,19
MAP0870,ROLE035,SK244,Low,Beginner,No,20
MAP0871,ROLE035,SK245,Low,Beginner,No,21
MAP0872,ROLE035,SK246,Low,Beginner,No,22
MAP0873,ROLE035,SK247,Low,Beginner,No,23
MAP0874,ROLE035,SK248,Low,Beginner,No,24
MAP0875,ROLE035,SK249,Low,Beginner,No,25
MAP0876,ROLE036,SK248,High,Intermediate,Yes,1
MAP0877,ROLE036,SK249,High,Intermediate,Yes,2
MAP0878,ROLE036,SK250,High,Intermediate,Yes,3
MAP0879,ROLE036,SK251,High,Intermediate,Yes,4
MAP0880,ROLE036,SK252,High,Intermediate,Yes,5
MAP0881,ROLE036,SK253,Medium,Beginner,Yes,6
MAP0882,ROLE036,SK254,Medium,Beginner,Yes,7
MAP0883,ROLE036,SK255,Medium,Beginner,Yes,8
MAP0884,ROLE036,SK256,Medium,Beginner,Yes,9
MAP0885,ROLE036,SK257,Medium,Beginner,Yes,10
MAP0886,ROLE036,SK258,Medium,Beginner,Yes,11
MAP0887,ROLE036,SK259,Medium,Beginner,Yes,12
MAP0888,ROLE036,SK260,Medium,Beginner,Yes,13
MAP0889,ROLE036,SK261,Medium,Beginner,Yes,14
MAP0890,ROLE036,SK262,Medium,Beginner,Yes,15
MAP0891,ROLE036,SK263,Low,Beginner,No,16
MAP0892,ROLE036,SK264,Low,Beginner,No,17
MAP0893,ROLE036,SK265,Low,Beginner,No,18
MAP0894,ROLE036,SK266,Low,Beginner,No,19
MAP0895,ROLE036,SK267,Low,Beginner,No,20
MAP0896,ROLE036,SK268,Low,Beginner,No,21
MAP0897,ROLE036,SK269,Low,Beginner,No,22
MAP0898,ROLE036,SK270,Low,Beginner,No,23
MAP0899,ROLE036,SK271,Low,Beginner,No,24
MAP0900,ROLE036,SK272,Low,Beginner,No,25
MAP0901,ROLE037,SK271,High,Intermediate,Yes,1
MAP0902,ROLE037,SK272,High,Intermediate,Yes,2
MAP0903,ROLE037,SK273,High,Intermediate,Yes,3
MAP0904,ROLE037,SK274,High,Intermediate,Yes,4
MAP0905,ROLE037,SK275,High,Intermediate,Yes,5
MAP0906,ROLE037,SK276,Medium,Beginner,Yes,6
MAP0907,ROLE037,SK277,Medium,Beginner,Yes,7
MAP0908,ROLE037,SK278,Medium,Beginner,Yes,8
MAP0909,ROLE037,SK279,Medium,Beginner,Yes,9
MAP0910,ROLE037,SK001,Medium,Beginner,Yes,10
MAP0911,ROLE037,SK002,Medium,Beginner,Yes,11
MAP0912,ROLE037,SK003,Medium,Beginner,Yes,12
MAP0913,ROLE037,SK004,Medium,Beginner,Yes,13
MAP0914,ROLE037,SK005,Medium,Beginner,Yes,14
MAP0915,ROLE037,SK006,Medium,Beginner,Yes,15
MAP0916,ROLE037,SK007,Low,Beginner,No,16
MAP0917,ROLE037,SK008,Low,Beginner,No,17
MAP0918,ROLE037,SK009,Low,Beginner,No,18
MAP0919,ROLE037,SK010,Low,Beginner,No,19
MAP0920,ROLE037,SK011,Low,Beginner,No,20
MAP0921,ROLE037,SK012,Low,Beginner,No,21
MAP0922,ROLE037,SK013,Low,Beginner,No,22
MAP0923,ROLE037,SK014,Low,Beginner,No,23
MAP0924,ROLE037,SK015,Low,Beginner,No,24
MAP0925,ROLE037,SK016,Low,Beginner,No,25
MAP0926,ROLE038,SK015,High,Intermediate,Yes,1
MAP0927,ROLE038,SK016,High,Intermediate,Yes,2
MAP0928,ROLE038,SK017,High,Intermediate,Yes,3
MAP0929,ROLE038,SK018,High,Intermediate,Yes,4
MAP0930,ROLE038,SK019,High,Intermediate,Yes,5
MAP0931,ROLE038,SK020,Medium,Beginner,Yes,6
MAP0932,ROLE038,SK021,Medium,Beginner,Yes,7
MAP0933,ROLE038,SK022,Medium,Beginner,Yes,8
MAP0934,ROLE038,SK023,Medium,Beginner,Yes,9
MAP0935,ROLE038,SK024,Medium,Beginner,Yes,10
MAP0936,ROLE038,SK025,Medium,Beginner,Yes,11
MAP0937,ROLE038,SK026,Medium,Beginner,Yes,12
MAP0938,ROLE038,SK027,Medium,Beginner,Yes,13
MAP0939,ROLE038,SK028,Medium,Beginner,Yes,14
MAP0940,ROLE038,SK029,Medium,Beginner,Yes,15
MAP0941,ROLE038,SK030,Low,Beginner,No,16
MAP0942,ROLE038,SK031,Low,Beginner,No,17
MAP0943,ROLE038,SK032,Low,Beginner,No,18
MAP0944,ROLE038,SK033,Low,Beginner,No,19
MAP0945,ROLE038,SK034,Low,Beginner,No,20
MAP0946,ROLE038,SK035,Low,Beginner,No,21
MAP0947,ROLE038,SK036,Low,Beginner,No,22
MAP0948,ROLE038,SK037,Low,Beginner,No,23
MAP0949,ROLE038,SK038,Low,Beginner,No,24
MAP0950,ROLE038,SK039,Low,Beginner,No,25
MAP0951,ROLE039,SK038,High,Intermediate,Yes,1
MAP0952,ROLE039,SK039,High,Intermediate,Yes,2
MAP0953,ROLE039,SK040,High,Intermediate,Yes,3
MAP0954,ROLE039,SK041,High,Intermediate,Yes,4
MAP0955,ROLE039,SK042,High,Intermediate,Yes,5
MAP0956,ROLE039,SK043,Medium,Beginner,Yes,6
MAP0957,ROLE039,SK044,Medium,Beginner,Yes,7
MAP0958,ROLE039,SK045,Medium,Beginner,Yes,8
MAP0959,ROLE039,SK046,Medium,Beginner,Yes,9
MAP0960,ROLE039,SK047,Medium,Beginner,Yes,10
MAP0961,ROLE039,SK048,Medium,Beginner,Yes,11
MAP0962,ROLE039,SK049,Medium,Beginner,Yes,12
MAP0963,ROLE039,SK050,Medium,Beginner,Yes,13
MAP0964,ROLE039,SK051,Medium,Beginner,Yes,14
MAP0965,ROLE039,SK052,Medium,Beginner,Yes,15
MAP0966,ROLE039,SK053,Low,Beginner,No,16
MAP0967,ROLE039,SK054,Low,Beginner,No,17
MAP0968,ROLE039,SK055,Low,Beginner,No,18
MAP0969,ROLE039,SK056,Low,Beginner,No,19
MAP0970,ROLE039,SK057,Low,Beginner,No,20
MAP0971,ROLE039,SK058,Low,Beginner,No,21
MAP0972,ROLE039,SK059,Low,Beginner,No,22
MAP0973,ROLE039,SK060,Low,Beginner,No,23
MAP0974,ROLE039,SK061,Low,Beginner,No,24
MAP0975,ROLE039,SK062,Low,Beginner,No,25
MAP0976,ROLE040,SK061,High,Intermediate,Yes,1
MAP0977,ROLE040,SK062,High,Intermediate,Yes,2
MAP0978,ROLE040,SK063,High,Intermediate,Yes,3
MAP0979,ROLE040,SK064,High,Intermediate,Yes,4
MAP0980,ROLE040,SK065,High,Intermediate,Yes,5
MAP0981,ROLE040,SK066,Medium,Beginner,Yes,6
MAP0982,ROLE040,SK067,Medium,Beginner,Yes,7
MAP0983,ROLE040,SK068,Medium,Beginner,Yes,8
MAP0984,ROLE040,SK069,Medium,Beginner,Yes,9
MAP0985,ROLE040,SK070,Medium,Beginner,Yes,10
MAP0986,ROLE040,SK071,Medium,Beginner,Yes,11
MAP0987,ROLE040,SK072,Medium,Beginner,Yes,12
MAP0988,ROLE040,SK073,Medium,Beginner,Yes,13
MAP0989,ROLE040,SK074,Medium,Beginner,Yes,14
MAP0990,ROLE040,SK075,Medium,Beginner,Yes,15
MAP0991,ROLE040,SK076,Low,Beginner,No,16
MAP0992,ROLE040,SK077,Low,Beginner,No,17
MAP0993,ROLE040,SK078,Low,Beginner,No,18
MAP0994,ROLE040,SK079,Low,Beginner,No,19
MAP0995,ROLE040,SK080,Low,Beginner,No,20
MAP0996,ROLE040,SK081,Low,Beginner,No,21
MAP0997,ROLE040,SK082,Low,Beginner,No,22
MAP0998,ROLE040,SK083,Low,Beginner,No,23
MAP0999,ROLE040,SK084,Low,Beginner,No,24
MAP1000,ROLE040,SK085,Low,Beginner,No,25
MAP1001,ROLE041,SK084,High,Intermediate,Yes,1
MAP1002,ROLE041,SK085,High,Intermediate,Yes,2
MAP1003,ROLE041,SK086,High,Intermediate,Yes,3
MAP1004,ROLE041,SK087,High,Intermediate,Yes,4
MAP1005,ROLE041,SK088,High,Intermediate,Yes,5
MAP1006,ROLE041,SK089,Medium,Beginner,Yes,6
MAP1007,ROLE041,SK090,Medium,Beginner,Yes,7
MAP1008,ROLE041,SK091,Medium,Beginner,Yes,8
MAP1009,ROLE041,SK092,Medium,Beginner,Yes,9
MAP1010,ROLE041,SK093,Medium,Beginner,Yes,10
MAP1011,ROLE041,SK094,Medium,Beginner,Yes,11
MAP1012,ROLE041,SK095,Medium,Beginner,Yes,12
MAP1013,ROLE041,SK096,Medium,Beginner,Yes,13
MAP1014,ROLE041,SK097,Medium,Beginner,Yes,14
MAP1015,ROLE041,SK098,Medium,Beginner,Yes,15
MAP1016,ROLE041,SK099,Low,Beginner,No,16
MAP1017,ROLE041,SK100,Low,Beginner,No,17
MAP1018,ROLE041,SK101,Low,Beginner,No,18
MAP1019,ROLE041,SK102,Low,Beginner,No,19
MAP1020,ROLE041,SK103,Low,Beginner,No,20
MAP1021,ROLE041,SK104,Low,Beginner,No,21
MAP1022,ROLE041,SK105,Low,Beginner,No,22
MAP1023,ROLE041,SK106,Low,Beginner,No,23
MAP1024,ROLE041,SK107,Low,Beginner,No,24
MAP1025,ROLE041,SK108,Low,Beginner,No,25
MAP1026,ROLE042,SK107,High,Intermediate,Yes,1
MAP1027,ROLE042,SK108,High,Intermediate,Yes,2
MAP1028,ROLE042,SK109,High,Intermediate,Yes,3
MAP1029,ROLE042,SK110,High,Intermediate,Yes,4
MAP1030,ROLE042,SK111,High,Intermediate,Yes,5
MAP1031,ROLE042,SK112,Medium,Beginner,Yes,6
MAP1032,ROLE042,SK113,Medium,Beginner,Yes,7
MAP1033,ROLE042,SK114,Medium,Beginner,Yes,8
MAP1034,ROLE042,SK115,Medium,Beginner,Yes,9
MAP1035,ROLE042,SK116,Medium,Beginner,Yes,10
MAP1036,ROLE042,SK117,Medium,Beginner,Yes,11
MAP1037,ROLE042,SK118,Medium,Beginner,Yes,12
MAP1038,ROLE042,SK119,Medium,Beginner,Yes,13
MAP1039,ROLE042,SK120,Medium,Beginner,Yes,14
MAP1040,ROLE042,SK121,Medium,Beginner,Yes,15
MAP1041,ROLE042,SK122,Low,Beginner,No,16
MAP1042,ROLE042,SK123,Low,Beginner,No,17
MAP1043,ROLE042,SK124,Low,Beginner,No,18
MAP1044,ROLE042,SK125,Low,Beginner,No,19
MAP1045,ROLE042,SK126,Low,Beginner,No,20
MAP1046,ROLE042,SK127,Low,Beginner,No,21
MAP1047,ROLE042,SK128,Low,Beginner,No,22
MAP1048,ROLE042,SK129,Low,Beginner,No,23
MAP1049,ROLE042,SK130,Low,Beginner,No,24
MAP1050,ROLE042,SK131,Low,Beginner,No,25
MAP1051,ROLE043,SK130,High,Intermediate,Yes,1
MAP1052,ROLE043,SK131,High,Intermediate,Yes,2
MAP1053,ROLE043,SK132,High,Intermediate,Yes,3
MAP1054,ROLE043,SK133,High,Intermediate,Yes,4
MAP1055,ROLE043,SK134,High,Intermediate,Yes,5
MAP1056,ROLE043,SK135,Medium,Beginner,Yes,6
MAP1057,ROLE043,SK136,Medium,Beginner,Yes,7
MAP1058,ROLE043,SK137,Medium,Beginner,Yes,8
MAP1059,ROLE043,SK138,Medium,Beginner,Yes,9
MAP1060,ROLE043,SK139,Medium,Beginner,Yes,10
MAP1061,ROLE043,SK140,Medium,Beginner,Yes,11
MAP1062,ROLE043,SK141,Medium,Beginner,Yes,12
MAP1063,ROLE043,SK142,Medium,Beginner,Yes,13
MAP1064,ROLE043,SK143,Medium,Beginner,Yes,14
MAP1065,ROLE043,SK144,Medium,Beginner,Yes,15
MAP1066,ROLE043,SK145,Low,Beginner,No,16
MAP1067,ROLE043,SK146,Low,Beginner,No,17
MAP1068,ROLE043,SK147,Low,Beginner,No,18
MAP1069,ROLE043,SK148,Low,Beginner,No,19
MAP1070,ROLE043,SK149,Low,Beginner,No,20
MAP1071,ROLE043,SK150,Low,Beginner,No,21
MAP1072,ROLE043,SK151,Low,Beginner,No,22
MAP1073,ROLE043,SK152,Low,Beginner,No,23
MAP1074,ROLE043,SK153,Low,Beginner,No,24
MAP1075,ROLE043,SK154,Low,Beginner,No,25
MAP1076,ROLE044,SK153,High,Intermediate,Yes,1
MAP1077,ROLE044,SK154,High,Intermediate,Yes,2
MAP1078,ROLE044,SK155,High,Intermediate,Yes,3
MAP1079,ROLE044,SK156,High,Intermediate,Yes,4
MAP1080,ROLE044,SK157,High,Intermediate,Yes,5
MAP1081,ROLE044,SK158,Medium,Beginner,Yes,6
MAP1082,ROLE044,SK159,Medium,Beginner,Yes,7
MAP1083,ROLE044,SK160,Medium,Beginner,Yes,8
MAP1084,ROLE044,SK161,Medium,Beginner,Yes,9
MAP1085,ROLE044,SK162,Medium,Beginner,Yes,10
MAP1086,ROLE044,SK163,Medium,Beginner,Yes,11
MAP1087,ROLE044,SK164,Medium,Beginner,Yes,12
MAP1088,ROLE044,SK165,Medium,Beginner,Yes,13
MAP1089,ROLE044,SK166,Medium,Beginner,Yes,14
MAP1090,ROLE044,SK167,Medium,Beginner,Yes,15
MAP1091,ROLE044,SK168,Low,Beginner,No,16
MAP1092,ROLE044,SK169,Low,Beginner,No,17
MAP1093,ROLE044,SK170,Low,Beginner,No,18
MAP1094,ROLE044,SK171,Low,Beginner,No,19
MAP1095,ROLE044,SK172,Low,Beginner,No,20
MAP1096,ROLE044,SK173,Low,Beginner,No,21
MAP1097,ROLE044,SK174,Low,Beginner,No,22
MAP1098,ROLE044,SK175,Low,Beginner,No,23
MAP1099,ROLE044,SK176,Low,Beginner,No,24
MAP1100,ROLE044,SK177,Low,Beginner,No,25
MAP1101,ROLE045,SK176,High,Intermediate,Yes,1
MAP1102,ROLE045,SK177,High,Intermediate,Yes,2
MAP1103,ROLE045,SK178,High,Intermediate,Yes,3
MAP1104,ROLE045,SK179,High,Intermediate,Yes,4
MAP1105,ROLE045,SK180,High,Intermediate,Yes,5
MAP1106,ROLE045,SK181,Medium,Beginner,Yes,6
MAP1107,ROLE045,SK182,Medium,Beginner,Yes,7
MAP1108,ROLE045,SK183,Medium,Beginner,Yes,8
MAP1109,ROLE045,SK184,Medium,Beginner,Yes,9
MAP1110,ROLE045,SK185,Medium,Beginner,Yes,10
MAP1111,ROLE045,SK186,Medium,Beginner,Yes,11
MAP1112,ROLE045,SK187,Medium,Beginner,Yes,12
MAP1113,ROLE045,SK188,Medium,Beginner,Yes,13
MAP1114,ROLE045,SK189,Medium,Beginner,Yes,14
MAP1115,ROLE045,SK190,Medium,Beginner,Yes,15
MAP1116,ROLE045,SK191,Low,Beginner,No,16
MAP1117,ROLE045,SK192,Low,Beginner,No,17
MAP1118,ROLE045,SK193,Low,Beginner,No,18
MAP1119,ROLE045,SK194,Low,Beginner,No,19
MAP1120,ROLE045,SK195,Low,Beginner,No,20
MAP1121,ROLE045,SK196,Low,Beginner,No,21
MAP1122,ROLE045,SK197,Low,Beginner,No,22
MAP1123,ROLE045,SK198,Low,Beginner,No,23
MAP1124,ROLE045,SK199,Low,Beginner,No,24
MAP1125,ROLE045,SK200,Low,Beginner,No,25
MAP1126,ROLE046,SK199,High,Intermediate,Yes,1
MAP1127,ROLE046,SK200,High,Intermediate,Yes,2
MAP1128,ROLE046,SK201,High,Intermediate,Yes,3
MAP1129,ROLE046,SK202,High,Intermediate,Yes,4
MAP1130,ROLE046,SK203,High,Intermediate,Yes,5
MAP1131,ROLE046,SK204,Medium,Beginner,Yes,6
MAP1132,ROLE046,SK205,Medium,Beginner,Yes,7
MAP1133,ROLE046,SK206,Medium,Beginner,Yes,8
MAP1134,ROLE046,SK207,Medium,Beginner,Yes,9
MAP1135,ROLE046,SK208,Medium,Beginner,Yes,10
MAP1136,ROLE046,SK209,Medium,Beginner,Yes,11
MAP1137,ROLE046,SK210,Medium,Beginner,Yes,12
MAP1138,ROLE046,SK211,Medium,Beginner,Yes,13
MAP1139,ROLE046,SK212,Medium,Beginner,Yes,14
MAP1140,ROLE046,SK213,Medium,Beginner,Yes,15
MAP1141,ROLE046,SK214,Low,Beginner,No,16
MAP1142,ROLE046,SK215,Low,Beginner,No,17
MAP1143,ROLE046,SK216,Low,Beginner,No,18
MAP1144,ROLE046,SK217,Low,Beginner,No,19
MAP1145,ROLE046,SK218,Low,Beginner,No,20
MAP1146,ROLE046,SK219,Low,Beginner,No,21
MAP1147,ROLE046,SK220,Low,Beginner,No,22
MAP1148,ROLE046,SK221,Low,Beginner,No,23
MAP1149,ROLE046,SK222,Low,Beginner,No,24
MAP1150,ROLE046,SK223,Low,Beginner,No,25
MAP1151,ROLE047,SK222,High,Intermediate,Yes,1
MAP1152,ROLE047,SK223,High,Intermediate,Yes,2
MAP1153,ROLE047,SK224,High,Intermediate,Yes,3
MAP1154,ROLE047,SK225,High,Intermediate,Yes,4
MAP1155,ROLE047,SK226,High,Intermediate,Yes,5
MAP1156,ROLE047,SK227,Medium,Beginner,Yes,6
MAP1157,ROLE047,SK228,Medium,Beginner,Yes,7
MAP1158,ROLE047,SK229,Medium,Beginner,Yes,8
MAP1159,ROLE047,SK230,Medium,Beginner,Yes,9
MAP1160,ROLE047,SK231,Medium,Beginner,Yes,10
MAP1161,ROLE047,SK232,Medium,Beginner,Yes,11
MAP1162,ROLE047,SK233,Medium,Beginner,Yes,12
MAP1163,ROLE047,SK234,Medium,Beginner,Yes,13
MAP1164,ROLE047,SK235,Medium,Beginner,Yes,14
MAP1165,ROLE047,SK236,Medium,Beginner,Yes,15
MAP1166,ROLE047,SK237,Low,Beginner,No,16
MAP1167,ROLE047,SK238,Low,Beginner,No,17
MAP1168,ROLE047,SK239,Low,Beginner,No,18
MAP1169,ROLE047,SK240,Low,Beginner,No,19
MAP1170,ROLE047,SK241,Low,Beginner,No,20
MAP1171,ROLE047,SK242,Low,Beginner,No,21
MAP1172,ROLE047,SK243,Low,Beginner,No,22
MAP1173,ROLE047,SK244,Low,Beginner,No,23
MAP1174,ROLE047,SK245,Low,Beginner,No,24
MAP1175,ROLE047,SK246,Low,Beginner,No,25
MAP1176,ROLE048,SK245,High,Intermediate,Yes,1
MAP1177,ROLE048,SK246,High,Intermediate,Yes,2
MAP1178,ROLE048,SK247,High,Intermediate,Yes,3
MAP1179,ROLE048,SK248,High,Intermediate,Yes,4
MAP1180,ROLE048,SK249,High,Intermediate,Yes,5
MAP1181,ROLE048,SK250,Medium,Beginner,Yes,6
MAP1182,ROLE048,SK251,Medium,Beginner,Yes,7
MAP1183,ROLE048,SK252,Medium,Beginner,Yes,8
MAP1184,ROLE048,SK253,Medium,Beginner,Yes,9
MAP1185,ROLE048,SK254,Medium,Beginner,Yes,10
MAP1186,ROLE048,SK255,Medium,Beginner,Yes,11
MAP1187,ROLE048,SK256,Medium,Beginner,Yes,12
MAP1188,ROLE048,SK257,Medium,Beginner,Yes,13
MAP1189,ROLE048,SK258,Medium,Beginner,Yes,14
MAP1190,ROLE048,SK259,Medium,Beginner,Yes,15
MAP1191,ROLE048,SK260,Low,Beginner,No,16
MAP1192,ROLE048,SK261,Low,Beginner,No,17
MAP1193,ROLE048,SK262,Low,Beginner,No,18
MAP1194,ROLE048,SK263,Low,Beginner,No,19
MAP1195,ROLE048,SK264,Low,Beginner,No,20
MAP1196,ROLE048,SK265,Low,Beginner,No,21
MAP1197,ROLE048,SK266,Low,Beginner,No,22
MAP1198,ROLE048,SK267,Low,Beginner,No,23
MAP1199,ROLE048,SK268,Low,Beginner,No,24
MAP1200,ROLE048,SK269,Low,Beginner,No,25
MAP1201,ROLE049,SK268,High,Intermediate,Yes,1
MAP1202,ROLE049,SK269,High,Intermediate,Yes,2
MAP1203,ROLE049,SK270,High,Intermediate,Yes,3
MAP1204,ROLE049,SK271,High,Intermediate,Yes,4
MAP1205,ROLE049,SK272,High,Intermediate,Yes,5
MAP1206,ROLE049,SK273,Medium,Beginner,Yes,6
MAP1207,ROLE049,SK274,Medium,Beginner,Yes,7
MAP1208,ROLE049,SK275,Medium,Beginner,Yes,8
MAP1209,ROLE049,SK276,Medium,Beginner,Yes,9
MAP1210,ROLE049,SK277,Medium,Beginner,Yes,10
MAP1211,ROLE049,SK278,Medium,Beginner,Yes,11
MAP1212,ROLE049,SK279,Medium,Beginner,Yes,12
MAP1213,ROLE049,SK001,Medium,Beginner,Yes,13
MAP1214,ROLE049,SK002,Medium,Beginner,Yes,14
MAP1215,ROLE049,SK003,Medium,Beginner,Yes,15
MAP1216,ROLE049,SK004,Low,Beginner,No,16
MAP1217,ROLE049,SK005,Low,Beginner,No,17
MAP1218,ROLE049,SK006,Low,Beginner,No,18
MAP1219,ROLE049,SK007,Low,Beginner,No,19
MAP1220,ROLE049,SK008,Low,Beginner,No,20
MAP1221,ROLE049,SK009,Low,Beginner,No,21
MAP1222,ROLE049,SK010,Low,Beginner,No,22
MAP1223,ROLE049,SK011,Low,Beginner,No,23
MAP1224,ROLE049,SK012,Low,Beginner,No,24
MAP1225,ROLE049,SK013,Low,Beginner,No,25
MAP1226,ROLE050,SK012,High,Intermediate,Yes,1
MAP1227,ROLE050,SK013,High,Intermediate,Yes,2
MAP1228,ROLE050,SK014,High,Intermediate,Yes,3
MAP1229,ROLE050,SK015,High,Intermediate,Yes,4
MAP1230,ROLE050,SK016,High,Intermediate,Yes,5
MAP1231,ROLE050,SK017,Medium,Beginner,Yes,6
MAP1232,ROLE050,SK018,Medium,Beginner,Yes,7
MAP1233,ROLE050,SK019,Medium,Beginner,Yes,8
MAP1234,ROLE050,SK020,Medium,Beginner,Yes,9
MAP1235,ROLE050,SK021,Medium,Beginner,Yes,10
MAP1236,ROLE050,SK022,Medium,Beginner,Yes,11
MAP1237,ROLE050,SK023,Medium,Beginner,Yes,12
MAP1238,ROLE050,SK024,Medium,Beginner,Yes,13
MAP1239,ROLE050,SK025,Medium,Beginner,Yes,14
MAP1240,ROLE050,SK026,Medium,Beginner,Yes,15
MAP1241,ROLE050,SK027,Low,Beginner,No,16
MAP1242,ROLE050,SK028,Low,Beginner,No,17
MAP1243,ROLE050,SK029,Low,Beginner,No,18
MAP1244,ROLE050,SK030,Low,Beginner,No,19
MAP1245,ROLE050,SK031,Low,Beginner,No,20
MAP1246,ROLE050,SK032,Low,Beginner,No,21
MAP1247,ROLE050,SK033,Low,Beginner,No,22
MAP1248,ROLE050,SK034,Low,Beginner,No,23
MAP1249,ROLE050,SK035,Low,Beginner,No,24
MAP1250,ROLE050,SK036,Low,Beginner,No,25
MAP1251,ROLE051,SK035,High,Intermediate,Yes,1
MAP1252,ROLE051,SK036,High,Intermediate,Yes,2
MAP1253,ROLE051,SK037,High,Intermediate,Yes,3
MAP1254,ROLE051,SK038,High,Intermediate,Yes,4
MAP1255,ROLE051,SK039,High,Intermediate,Yes,5
MAP1256,ROLE051,SK040,Medium,Beginner,Yes,6
MAP1257,ROLE051,SK041,Medium,Beginner,Yes,7
MAP1258,ROLE051,SK042,Medium,Beginner,Yes,8
MAP1259,ROLE051,SK043,Medium,Beginner,Yes,9
MAP1260,ROLE051,SK044,Medium,Beginner,Yes,10
MAP1261,ROLE051,SK045,Medium,Beginner,Yes,11
MAP1262,ROLE051,SK046,Medium,Beginner,Yes,12
MAP1263,ROLE051,SK047,Medium,Beginner,Yes,13
MAP1264,ROLE051,SK048,Medium,Beginner,Yes,14
MAP1265,ROLE051,SK049,Medium,Beginner,Yes,15
MAP1266,ROLE051,SK050,Low,Beginner,No,16
MAP1267,ROLE051,SK051,Low,Beginner,No,17
MAP1268,ROLE051,SK052,Low,Beginner,No,18
MAP1269,ROLE051,SK053,Low,Beginner,No,19
MAP1270,ROLE051,SK054,Low,Beginner,No,20
MAP1271,ROLE051,SK055,Low,Beginner,No,21
MAP1272,ROLE051,SK056,Low,Beginner,No,22
MAP1273,ROLE051,SK057,Low,Beginner,No,23
MAP1274,ROLE051,SK058,Low,Beginner,No,24
MAP1275,ROLE051,SK059,Low,Beginner,No,25
MAP1276,ROLE052,SK058,High,Intermediate,Yes,1
MAP1277,ROLE052,SK059,High,Intermediate,Yes,2
MAP1278,ROLE052,SK060,High,Intermediate,Yes,3
MAP1279,ROLE052,SK061,High,Intermediate,Yes,4
MAP1280,ROLE052,SK062,High,Intermediate,Yes,5
MAP1281,ROLE052,SK063,Medium,Beginner,Yes,6
MAP1282,ROLE052,SK064,Medium,Beginner,Yes,7
MAP1283,ROLE052,SK065,Medium,Beginner,Yes,8
MAP1284,ROLE052,SK066,Medium,Beginner,Yes,9
MAP1285,ROLE052,SK067,Medium,Beginner,Yes,10
MAP1286,ROLE052,SK068,Medium,Beginner,Yes,11
MAP1287,ROLE052,SK069,Medium,Beginner,Yes,12
MAP1288,ROLE052,SK070,Medium,Beginner,Yes,13
MAP1289,ROLE052,SK071,Medium,Beginner,Yes,14
MAP1290,ROLE052,SK072,Medium,Beginner,Yes,15
MAP1291,ROLE052,SK073,Low,Beginner,No,16
MAP1292,ROLE052,SK074,Low,Beginner,No,17
MAP1293,ROLE052,SK075,Low,Beginner,No,18
MAP1294,ROLE052,SK076,Low,Beginner,No,19
MAP1295,ROLE052,SK077,Low,Beginner,No,20
MAP1296,ROLE052,SK078,Low,Beginner,No,21
MAP1297,ROLE052,SK079,Low,Beginner,No,22
MAP1298,ROLE052,SK080,Low,Beginner,No,23
MAP1299,ROLE052,SK081,Low,Beginner,No,24
MAP1300,ROLE052,SK082,Low,Beginner,No,25
MAP1301,ROLE053,SK081,High,Intermediate,Yes,1
MAP1302,ROLE053,SK082,High,Intermediate,Yes,2
MAP1303,ROLE053,SK083,High,Intermediate,Yes,3
MAP1304,ROLE053,SK084,High,Intermediate,Yes,4
MAP1305,ROLE053,SK085,High,Intermediate,Yes,5
MAP1306,ROLE053,SK086,Medium,Beginner,Yes,6
MAP1307,ROLE053,SK087,Medium,Beginner,Yes,7
MAP1308,ROLE053,SK088,Medium,Beginner,Yes,8
MAP1309,ROLE053,SK089,Medium,Beginner,Yes,9
MAP1310,ROLE053,SK090,Medium,Beginner,Yes,10
MAP1311,ROLE053,SK091,Medium,Beginner,Yes,11
MAP1312,ROLE053,SK092,Medium,Beginner,Yes,12
MAP1313,ROLE053,SK093,Medium,Beginner,Yes,13
MAP1314,ROLE053,SK094,Medium,Beginner,Yes,14
MAP1315,ROLE053,SK095,Medium,Beginner,Yes,15
MAP1316,ROLE053,SK096,Low,Beginner,No,16
MAP1317,ROLE053,SK097,Low,Beginner,No,17
MAP1318,ROLE053,SK098,Low,Beginner,No,18
MAP1319,ROLE053,SK099,Low,Beginner,No,19
MAP1320,ROLE053,SK100,Low,Beginner,No,20
MAP1321,ROLE053,SK101,Low,Beginner,No,21
MAP1322,ROLE053,SK102,Low,Beginner,No,22
MAP1323,ROLE053,SK103,Low,Beginner,No,23
MAP1324,ROLE053,SK104,Low,Beginner,No,24
MAP1325,ROLE053,SK105,Low,Beginner,No,25
MAP1326,ROLE054,SK104,High,Intermediate,Yes,1
MAP1327,ROLE054,SK105,High,Intermediate,Yes,2
MAP1328,ROLE054,SK106,High,Intermediate,Yes,3
MAP1329,ROLE054,SK107,High,Intermediate,Yes,4
MAP1330,ROLE054,SK108,High,Intermediate,Yes,5
MAP1331,ROLE054,SK109,Medium,Beginner,Yes,6
MAP1332,ROLE054,SK110,Medium,Beginner,Yes,7
MAP1333,ROLE054,SK111,Medium,Beginner,Yes,8
MAP1334,ROLE054,SK112,Medium,Beginner,Yes,9
MAP1335,ROLE054,SK113,Medium,Beginner,Yes,10
MAP1336,ROLE054,SK114,Medium,Beginner,Yes,11
MAP1337,ROLE054,SK115,Medium,Beginner,Yes,12
MAP1338,ROLE054,SK116,Medium,Beginner,Yes,13
MAP1339,ROLE054,SK117,Medium,Beginner,Yes,14
MAP1340,ROLE054,SK118,Medium,Beginner,Yes,15
MAP1341,ROLE054,SK119,Low,Beginner,No,16
MAP1342,ROLE054,SK120,Low,Beginner,No,17
MAP1343,ROLE054,SK121,Low,Beginner,No,18
MAP1344,ROLE054,SK122,Low,Beginner,No,19
MAP1345,ROLE054,SK123,Low,Beginner,No,20
MAP1346,ROLE054,SK124,Low,Beginner,No,21
MAP1347,ROLE054,SK125,Low,Beginner,No,22
MAP1348,ROLE054,SK126,Low,Beginner,No,23
MAP1349,ROLE054,SK127,Low,Beginner,No,24
MAP1350,ROLE054,SK128,Low,Beginner,No,25
MAP1351,ROLE055,SK127,High,Intermediate,Yes,1
MAP1352,ROLE055,SK128,High,Intermediate,Yes,2
MAP1353,ROLE055,SK129,High,Intermediate,Yes,3
MAP1354,ROLE055,SK130,High,Intermediate,Yes,4
MAP1355,ROLE055,SK131,High,Intermediate,Yes,5
MAP1356,ROLE055,SK132,Medium,Beginner,Yes,6
MAP1357,ROLE055,SK133,Medium,Beginner,Yes,7
MAP1358,ROLE055,SK134,Medium,Beginner,Yes,8
MAP1359,ROLE055,SK135,Medium,Beginner,Yes,9
MAP1360,ROLE055,SK136,Medium,Beginner,Yes,10
MAP1361,ROLE055,SK137,Medium,Beginner,Yes,11
MAP1362,ROLE055,SK138,Medium,Beginner,Yes,12
MAP1363,ROLE055,SK139,Medium,Beginner,Yes,13
MAP1364,ROLE055,SK140,Medium,Beginner,Yes,14
MAP1365,ROLE055,SK141,Medium,Beginner,Yes,15
MAP1366,ROLE055,SK142,Low,Beginner,No,16
MAP1367,ROLE055,SK143,Low,Beginner,No,17
MAP1368,ROLE055,SK144,Low,Beginner,No,18
MAP1369,ROLE055,SK145,Low,Beginner,No,19
MAP1370,ROLE055,SK146,Low,Beginner,No,20
MAP1371,ROLE055,SK147,Low,Beginner,No,21
MAP1372,ROLE055,SK148,Low,Beginner,No,22
MAP1373,ROLE055,SK149,Low,Beginner,No,23
MAP1374,ROLE055,SK150,Low,Beginner,No,24
MAP1375,ROLE055,SK151,Low,Beginner,No,25
MAP1376,ROLE056,SK150,High,Intermediate,Yes,1
MAP1377,ROLE056,SK151,High,Intermediate,Yes,2
MAP1378,ROLE056,SK152,High,Intermediate,Yes,3
MAP1379,ROLE056,SK153,High,Intermediate,Yes,4
MAP1380,ROLE056,SK154,High,Intermediate,Yes,5
MAP1381,ROLE056,SK155,Medium,Beginner,Yes,6
MAP1382,ROLE056,SK156,Medium,Beginner,Yes,7
MAP1383,ROLE056,SK157,Medium,Beginner,Yes,8
MAP1384,ROLE056,SK158,Medium,Beginner,Yes,9
MAP1385,ROLE056,SK159,Medium,Beginner,Yes,10
MAP1386,ROLE056,SK160,Medium,Beginner,Yes,11
MAP1387,ROLE056,SK161,Medium,Beginner,Yes,12
MAP1388,ROLE056,SK162,Medium,Beginner,Yes,13
MAP1389,ROLE056,SK163,Medium,Beginner,Yes,14
MAP1390,ROLE056,SK164,Medium,Beginner,Yes,15
MAP1391,ROLE056,SK165,Low,Beginner,No,16
MAP1392,ROLE056,SK166,Low,Beginner,No,17
MAP1393,ROLE056,SK167,Low,Beginner,No,18
MAP1394,ROLE056,SK168,Low,Beginner,No,19
MAP1395,ROLE056,SK169,Low,Beginner,No,20
MAP1396,ROLE056,SK170,Low,Beginner,No,21
MAP1397,ROLE056,SK171,Low,Beginner,No,22
MAP1398,ROLE056,SK172,Low,Beginner,No,23
MAP1399,ROLE056,SK173,Low,Beginner,No,24
MAP1400,ROLE056,SK174,Low,Beginner,No,25
MAP1401,ROLE057,SK173,High,Intermediate,Yes,1
MAP1402,ROLE057,SK174,High,Intermediate,Yes,2
MAP1403,ROLE057,SK175,High,Intermediate,Yes,3
MAP1404,ROLE057,SK176,High,Intermediate,Yes,4
MAP1405,ROLE057,SK177,High,Intermediate,Yes,5
MAP1406,ROLE057,SK178,Medium,Beginner,Yes,6
MAP1407,ROLE057,SK179,Medium,Beginner,Yes,7
MAP1408,ROLE057,SK180,Medium,Beginner,Yes,8
MAP1409,ROLE057,SK181,Medium,Beginner,Yes,9
MAP1410,ROLE057,SK182,Medium,Beginner,Yes,10
MAP1411,ROLE057,SK183,Medium,Beginner,Yes,11
MAP1412,ROLE057,SK184,Medium,Beginner,Yes,12
MAP1413,ROLE057,SK185,Medium,Beginner,Yes,13
MAP1414,ROLE057,SK186,Medium,Beginner,Yes,14
MAP1415,ROLE057,SK187,Medium,Beginner,Yes,15
MAP1416,ROLE057,SK188,Low,Beginner,No,16
MAP1417,ROLE057,SK189,Low,Beginner,No,17
MAP1418,ROLE057,SK190,Low,Beginner,No,18
MAP1419,ROLE057,SK191,Low,Beginner,No,19
MAP1420,ROLE057,SK192,Low,Beginner,No,20
MAP1421,ROLE057,SK193,Low,Beginner,No,21
MAP1422,ROLE057,SK194,Low,Beginner,No,22
MAP1423,ROLE057,SK195,Low,Beginner,No,23
MAP1424,ROLE057,SK196,Low,Beginner,No,24
MAP1425,ROLE057,SK197,Low,Beginner,No,25
MAP1426,ROLE058,SK196,High,Intermediate,Yes,1
MAP1427,ROLE058,SK197,High,Intermediate,Yes,2
MAP1428,ROLE058,SK198,High,Intermediate,Yes,3
MAP1429,ROLE058,SK199,High,Intermediate,Yes,4
MAP1430,ROLE058,SK200,High,Intermediate,Yes,5
MAP1431,ROLE058,SK201,Medium,Beginner,Yes,6
MAP1432,ROLE058,SK202,Medium,Beginner,Yes,7
MAP1433,ROLE058,SK203,Medium,Beginner,Yes,8
MAP1434,ROLE058,SK204,Medium,Beginner,Yes,9
MAP1435,ROLE058,SK205,Medium,Beginner,Yes,10
MAP1436,ROLE058,SK206,Medium,Beginner,Yes,11
MAP1437,ROLE058,SK207,Medium,Beginner,Yes,12
MAP1438,ROLE058,SK208,Medium,Beginner,Yes,13
MAP1439,ROLE058,SK209,Medium,Beginner,Yes,14
MAP1440,ROLE058,SK210,Medium,Beginner,Yes,15
MAP1441,ROLE058,SK211,Low,Beginner,No,16
MAP1442,ROLE058,SK212,Low,Beginner,No,17
MAP1443,ROLE058,SK213,Low,Beginner,No,18
MAP1444,ROLE058,SK214,Low,Beginner,No,19
MAP1445,ROLE058,SK215,Low,Beginner,No,20
MAP1446,ROLE058,SK216,Low,Beginner,No,21
MAP1447,ROLE058,SK217,Low,Beginner,No,22
MAP1448,ROLE058,SK218,Low,Beginner,No,23
MAP1449,ROLE058,SK219,Low,Beginner,No,24
MAP1450,ROLE058,SK220,Low,Beginner,No,25
MAP1451,ROLE059,SK219,High,Intermediate,Yes,1
MAP1452,ROLE059,SK220,High,Intermediate,Yes,2
MAP1453,ROLE059,SK221,High,Intermediate,Yes,3
MAP1454,ROLE059,SK222,High,Intermediate,Yes,4
MAP1455,ROLE059,SK223,High,Intermediate,Yes,5
MAP1456,ROLE059,SK224,Medium,Beginner,Yes,6
MAP1457,ROLE059,SK225,Medium,Beginner,Yes,7
MAP1458,ROLE059,SK226,Medium,Beginner,Yes,8
MAP1459,ROLE059,SK227,Medium,Beginner,Yes,9
MAP1460,ROLE059,SK228,Medium,Beginner,Yes,10
MAP1461,ROLE059,SK229,Medium,Beginner,Yes,11
MAP1462,ROLE059,SK230,Medium,Beginner,Yes,12
MAP1463,ROLE059,SK231,Medium,Beginner,Yes,13
MAP1464,ROLE059,SK232,Medium,Beginner,Yes,14
MAP1465,ROLE059,SK233,Medium,Beginner,Yes,15
MAP1466,ROLE059,SK234,Low,Beginner,No,16
MAP1467,ROLE059,SK235,Low,Beginner,No,17
MAP1468,ROLE059,SK236,Low,Beginner,No,18
MAP1469,ROLE059,SK237,Low,Beginner,No,19
MAP1470,ROLE059,SK238,Low,Beginner,No,20
MAP1471,ROLE059,SK239,Low,Beginner,No,21
MAP1472,ROLE059,SK240,Low,Beginner,No,22
MAP1473,ROLE059,SK241,Low,Beginner,No,23
MAP1474,ROLE059,SK242,Low,Beginner,No,24
MAP1475,ROLE059,SK243,Low,Beginner,No,25
MAP1476,ROLE060,SK242,High,Intermediate,Yes,1
MAP1477,ROLE060,SK243,High,Intermediate,Yes,2
MAP1478,ROLE060,SK244,High,Intermediate,Yes,3
MAP1479,ROLE060,SK245,High,Intermediate,Yes,4
MAP1480,ROLE060,SK246,High,Intermediate,Yes,5
MAP1481,ROLE060,SK247,Medium,Beginner,Yes,6
MAP1482,ROLE060,SK248,Medium,Beginner,Yes,7
MAP1483,ROLE060,SK249,Medium,Beginner,Yes,8
MAP1484,ROLE060,SK250,Medium,Beginner,Yes,9
MAP1485,ROLE060,SK251,Medium,Beginner,Yes,10
MAP1486,ROLE060,SK252,Medium,Beginner,Yes,11
MAP1487,ROLE060,SK253,Medium,Beginner,Yes,12
MAP1488,ROLE060,SK254,Medium,Beginner,Yes,13
MAP1489,ROLE060,SK255,Medium,Beginner,Yes,14
MAP1490,ROLE060,SK256,Medium,Beginner,Yes,15
MAP1491,ROLE060,SK257,Low,Beginner,No,16
MAP1492,ROLE060,SK258,Low,Beginner,No,17
MAP1493,ROLE060,SK259,Low,Beginner,No,18
MAP1494,ROLE060,SK260,Low,Beginner,No,19
MAP1495,ROLE060,SK261,Low,Beginner,No,20
MAP1496,ROLE060,SK262,Low,Beginner,No,21
MAP1497,ROLE060,SK263,Low,Beginner,No,22
MAP1498,ROLE060,SK264,Low,Beginner,No,23
MAP1499,ROLE060,SK265,Low,Beginner,No,24
MAP1500,ROLE060,SK266,Low,Beginner,No,25
