soft_skill_id,skill_name,category,description,importance,recommended_roles,assessment_method,improvement_resources,practice_activity,industry_relevance
SS001,Communication,Interpersonal,Communication helps professionals collaborate effectively and succeed in modern workplaces.,High,DevOps Engineer;AI Engineer;Cloud Engineer,Peer Feedback,Toastmasters;NPTEL,Team project,Essential
SS002,Teamwork,Collaboration,Teamwork helps professionals collaborate effectively and succeed in modern workplaces.,Medium,Full Stack Developer;Data Scientist;Business Analyst,Peer Feedback,Coursera;Toastmasters,Group discussion,Very High
SS003,Leadership,Leadership,Leadership helps professionals collaborate effectively and succeed in modern workplaces.,High,Business Analyst;Full Stack Developer;Cybersecurity Analyst,Manager Evaluation,YouTube;Toastmasters,Case study,High
SS004,Problem Solving,Cognitive,Problem Solving helps professionals collaborate effectively and succeed in modern workplaces.,Critical,Cybersecurity Analyst;Software Engineer;Cloud Engineer,Manager Evaluation,NPTEL;Toastmasters,Team project,High
SS005,Critical Thinking,Cognitive,Critical Thinking helps professionals collaborate effectively and succeed in modern workplaces.,Medium,Cloud Engineer;Full Stack Developer;AI Engineer,Manager Evaluation,NPTEL;YouTube,Hackathon,High
SS006,Time Management,Productivity,Time Management helps professionals collaborate effectively and succeed in modern workplaces.,High,AI Engineer;DevOps Engineer;Software Engineer,Peer Feedback,Toastmasters;YouTube,Hackathon,Essential
SS007,Adaptability,Professional,Adaptability helps professionals collaborate effectively and succeed in modern workplaces.,Critical,Software Engineer;Full Stack Developer;Business Analyst,Self Assessment,Udemy;Coursera,Team project,High
SS008,Creativity,Innovation,Creativity helps professionals collaborate effectively and succeed in modern workplaces.,Medium,Full Stack Developer;AI Engineer;Cybersecurity Analyst,Mock Interview,Toastmasters;YouTube,Role play,Very High
SS009,Decision Making,Leadership,Decision Making helps professionals collaborate effectively and succeed in modern workplaces.,High,Cybersecurity Analyst;Full Stack Developer;Software Engineer,Self Assessment,Toastmasters;Udemy,Hackathon,Essential
SS010,Emotional Intelligence,Interpersonal,Emotional Intelligence helps professionals collaborate effectively and succeed in modern workplaces.,High,Software Engineer;Full Stack Developer;Data Scientist,Manager Evaluation,Toastmasters;NPTEL,Presentation practice,High
SS011,Presentation Skills,Communication,Presentation Skills helps professionals collaborate effectively and succeed in modern workplaces.,Medium,AI Engineer;Full Stack Developer;Business Analyst,Mock Interview,Coursera;YouTube,Case study,High
SS012,Negotiation,Business,Negotiation helps professionals collaborate effectively and succeed in modern workplaces.,Medium,DevOps Engineer;Data Scientist;Cloud Engineer,Behavioral Interview,Toastmasters;LinkedIn Learning,Presentation practice,High
SS013,Conflict Resolution,Interpersonal,Conflict Resolution helps professionals collaborate effectively and succeed in modern workplaces.,Critical,AI Engineer;DevOps Engineer;Cybersecurity Analyst,Manager Evaluation,YouTube;Coursera,Hackathon,Essential
SS014,Active Listening,Communication,Active Listening helps professionals collaborate effectively and succeed in modern workplaces.,Medium,Data Scientist;Business Analyst;DevOps Engineer,Mock Interview,LinkedIn Learning;Toastmasters,Case study,Essential
SS015,Networking,Professional,Networking helps professionals collaborate effectively and succeed in modern workplaces.,Medium,Software Engineer;AI Engineer;DevOps Engineer,Mock Interview,Udemy;YouTube,Case study,High
SS016,Analytical Thinking,Cognitive,Analytical Thinking helps professionals collaborate effectively and succeed in modern workplaces.,High,Business Analyst;DevOps Engineer;Data Scientist,Peer Feedback,NPTEL;Udemy,Group discussion,High
SS017,Attention to Detail,Quality,Attention to Detail helps professionals collaborate effectively and succeed in modern workplaces.,High,Data Scientist;Cybersecurity Analyst;Full Stack Developer,Behavioral Interview,Toastmasters;NPTEL,Presentation practice,Essential
SS018,Customer Focus,Business,Customer Focus helps professionals collaborate effectively and succeed in modern workplaces.,High,Data Scientist;Cloud Engineer;Full Stack Developer,Mock Interview,Udemy;YouTube,Group discussion,High
SS019,Work Ethics,Professional,Work Ethics helps professionals collaborate effectively and succeed in modern workplaces.,Medium,Cybersecurity Analyst;DevOps Engineer;Business Analyst,Peer Feedback,Toastmasters;YouTube,Case study,Very High
SS020,Stress Management,Wellness,Stress Management helps professionals collaborate effectively and succeed in modern workplaces.,Critical,Business Analyst;Data Scientist;DevOps Engineer,Mock Interview,NPTEL;Coursera,Case study,High
SS021,Mentoring,Leadership,Mentoring helps professionals collaborate effectively and succeed in modern workplaces.,Critical,Cybersecurity Analyst;Data Scientist;DevOps Engineer,Self Assessment,YouTube;Coursera,Hackathon,Essential
SS022,Public Speaking,Communication,Public Speaking helps professionals collaborate effectively and succeed in modern workplaces.,Critical,DevOps Engineer;Software Engineer;Data Scientist,Behavioral Interview,YouTube;Udemy,Presentation practice,High
SS023,Collaboration,Collaboration,Collaboration helps professionals collaborate effectively and succeed in modern workplaces.,Critical,Business Analyst;Data Scientist;Full Stack Developer,Manager Evaluation,NPTEL;LinkedIn Learning,Group discussion,Very High
SS024,Research Skills,Professional,Research Skills helps professionals collaborate effectively and succeed in modern workplaces.,High,Business Analyst;Cloud Engineer;Cybersecurity Analyst,Manager Evaluation,Toastmasters;Coursera,Case study,Essential
SS025,Initiative,Professional,Initiative helps professionals collaborate effectively and succeed in modern workplaces.,Medium,DevOps Engineer;Full Stack Developer;Business Analyst,Manager Evaluation,Coursera;NPTEL,Hackathon,Very High
SS026,Accountability,Professional,Accountability helps professionals collaborate effectively and succeed in modern workplaces.,Critical,Business Analyst;DevOps Engineer;Full Stack Developer,Manager Evaluation,YouTube;Coursera,Presentation practice,High
SS027,Flexibility,Professional,Flexibility helps professionals collaborate effectively and succeed in modern workplaces.,High,DevOps Engineer;Cybersecurity Analyst;Data Scientist,Mock Interview,LinkedIn Learning;Udemy,Team project,High
SS028,Innovation Mindset,Innovation,Innovation Mindset helps professionals collaborate effectively and succeed in modern workplaces.,High,Cybersecurity Analyst;Full Stack Developer;Software Engineer,Mock Interview,NPTEL;Toastmasters,Hackathon,Very High
SS029,Strategic Thinking,Leadership,Strategic Thinking helps professionals collaborate effectively and succeed in modern workplaces.,High,Cybersecurity Analyst;Software Engineer;DevOps Engineer,Self Assessment,Toastmasters;YouTube,Role play,Essential
SS030,Cross-functional Communication,Communication,Cross-functional Communication helps professionals collaborate effectively and succeed in modern workplaces.,Medium,Cloud Engineer;Full Stack Developer;AI Engineer,Manager Evaluation,Udemy;Coursera,Presentation practice,Essential
SS031,Project Ownership,Leadership,Project Ownership helps professionals collaborate effectively and succeed in modern workplaces.,Critical,Cybersecurity Analyst;Data Scientist;Software Engineer,Behavioral Interview,Udemy;NPTEL,Role play,Very High
SS032,Business Communication,Communication,Business Communication helps professionals collaborate effectively and succeed in modern workplaces.,Critical,Software Engineer;Cybersecurity Analyst;DevOps Engineer,Peer Feedback,Toastmasters;NPTEL,Case study,High
SS033,Stakeholder Management,Business,Stakeholder Management helps professionals collaborate effectively and succeed in modern workplaces.,Medium,Full Stack Developer;Software Engineer;DevOps Engineer,Manager Evaluation,LinkedIn Learning;Toastmasters,Presentation practice,High
SS034,Negotiation & Influence,Business,Negotiation & Influence helps professionals collaborate effectively and succeed in modern workplaces.,Critical,Business Analyst;Data Scientist;AI Engineer,Behavioral Interview,NPTEL;Udemy,Presentation practice,Essential
SS035,Learning Agility,Professional,Learning Agility helps professionals collaborate effectively and succeed in modern workplaces.,Medium,Data Scientist;Software Engineer;DevOps Engineer,Peer Feedback,YouTube;Toastmasters,Role play,Essential
SS036,Professionalism,Professional,Professionalism helps professionals collaborate effectively and succeed in modern workplaces.,High,Cybersecurity Analyst;AI Engineer;Full Stack Developer,Peer Feedback,Toastmasters;YouTube,Hackathon,Very High
SS037,Goal Orientation,Productivity,Goal Orientation helps professionals collaborate effectively and succeed in modern workplaces.,Medium,Cybersecurity Analyst;Business Analyst;Cloud Engineer,Peer Feedback,Udemy;LinkedIn Learning,Role play,Essential
SS038,Resilience,Wellness,Resilience helps professionals collaborate effectively and succeed in modern workplaces.,Critical,Cloud Engineer;Full Stack Developer;AI Engineer,Mock Interview,LinkedIn Learning;NPTEL,Team project,Essential
SS039,Ethical Decision Making,Professional,Ethical Decision Making helps professionals collaborate effectively and succeed in modern workplaces.,High,AI Engineer;Data Scientist;DevOps Engineer,Mock Interview,NPTEL;LinkedIn Learning,Presentation practice,Essential
SS040,Client Management,Business,Client Management helps professionals collaborate effectively and succeed in modern workplaces.,Critical,DevOps Engineer;Full Stack Developer;Cybersecurity Analyst,Peer Feedback,Toastmasters;YouTube,Case study,Essential
